mex_sector,mex_subsector,ID,Gas,1990,1991,1992,1993,1994,1995,1996,1997,1998,1999,2000,2001,2002,2003,2004,2005,2006,2007,2008,2009,2010,2011,2012,2013,2014,2015,2016,2017,2018,2019,2020,2021,2022,2023,Code
[1] Energía,[1A1a] Actividad principal producción de electricidad y calor,[1A1a] Actividad principal producción de electricidad y calor:CH4,CH4,0.06274518207,0.0641839081513592,0.0627253162015913,0.0634212818782641,0.0758042443581066,0.0679672301030063,0.0850186322418608,0.0946471551461102,0.106561621901429,0.119226976977842,0.128523424031149,0.131353822240077,0.123184084486161,0.121096338325082,0.124637146954022,0.122660568047536,0.107842657100183,0.116919504005561,0.11119606343136,0.115319216914949,0.112607621694341,0.122235567574392,0.140764416003059,0.134842291969002,0.13255305447383,0.132351241565533,0.153671900709522,0.143806838140444,0.138100722171588,0.157235787293165,0.12563139496435,0.124639680729462,0.124880583858192,0.105479954,MEX
[1] Energía,[1A1a] Actividad principal producción de electricidad y calor,[1A1a] Actividad principal producción de electricidad y calor:CO2,CO2,70.30275058,72.6500412172794,71.1708991226583,73.0450975634335,87.7888137157253,81.7337873620346,86.8675619646946,96.4409470465264,105.871443891513,106.336324065769,121.025221720945,125.17929967695,124.349315904433,128.076978260235,125.71557598554,133.905542946334,124.905797407518,128.475338972403,121.572397148579,134.140615866216,133.317519230992,146.39769143912,153.415318653289,149.532616718952,143.414329124584,145.429650796019,171.549436172802,164.315188775368,167.973687354798,170.956119944837,147.50115202407,141.212165209267,136.00274702728,133.691564043,MEX
[1] Energía,[1A1a] Actividad principal producción de electricidad y calor,[1A1a] Actividad principal producción de electricidad y calor:HFCS,HFCS,0,0,0,0,0,0,0,0,0,0,0,0,0,0,0,0,0,0,0,0,0,0,0,0,0,0,0,0,0,0,0,0,0,0,MEX
[1] Energía,[1A1a] Actividad principal producción de electricidad y calor,[1A1a] Actividad principal producción de electricidad y calor:N2O,N2O,0.1398502359,0.142699466005903,0.141218843576162,0.150285019637214,0.181142773020978,0.169923638474179,0.203086232361131,0.221176587956671,0.242073757391222,0.257973185284787,0.275478477132134,0.290167150784385,0.277027649469113,0.296171980667145,0.280880763184842,0.301613483627077,0.270380802462076,0.284332047019124,0.244240129882274,0.269042149523422,0.262225320137361,0.28315644963964,0.31057059986216,0.291119041867397,0.287216411567215,0.287326455302305,0.31705567643735,0.293212311070412,0.280456831848959,0.284030706973508,0.197193659663212,0.17860343810466,0.194174914861745,0.167283767,MEX
[1] Energía,[1A1a] Actividad principal producción de electricidad y calor,[1A1a] Actividad principal producción de electricidad y calor:NF3,NF3,0,0,0,0,0,0,0,0,0,0,0,0,0,0,0,0,0,0,0,0,0,0,0,0,0,0,0,0,0,0,0,0,0,0,MEX
[1] Energía,[1A1a] Actividad principal producción de electricidad y calor,[1A1a] Actividad principal producción de electricidad y calor:PFCS,PFCS,0,0,0,0,0,0,0,0,0,0,0,0,0,0,0,0,0,0,0,0,0,0,0,0,0,0,0,0,0,0,0,0,0,0,MEX
[1] Energía,[1A1a] Actividad principal producción de electricidad y calor,[1A1a] Actividad principal producción de electricidad y calor:SF6,SF6,0,0,0,0,0,0,0,0,0,0,0,0,0,0,0,0,0,0,0,0,0,0,0,0,0,0,0,0,0,0,0,0,0,0,MEX
[1] Energía,[1A1b] Refinación del petróleo,[1A1b] Refinación del petróleo:CH4,CH4,0.01113143796,0.00852579277366481,0.00862321599709709,0.00821237942694264,0.00968191198778072,0.00911325555908654,0.0089733359384952,0.00858983374173278,0.00893329863289059,0.010148343632275,0.00748334463013356,0.00715022417683621,0.00723333924779409,0.00791811200891199,0.00892634191147063,0.0086069548592239,0.00766233847551557,0.00961122372669035,0.0101493494351239,0.00974289575965459,0.00900133959434643,0.00983439893757559,0.00883718619529338,0.00938133306741295,0.00934503041400988,0.00770723275664641,0.00832935448979326,0.00672099301027719,0.00618029821411878,0.00649865088917296,0.00522727086534321,0.00587905877523888,0.00656113367899672,0.006451,MEX
[1] Energía,[1A1b] Refinación del petróleo,[1A1b] Refinación del petróleo:CO2,CO2,11.55092475,9.05136963727803,9.27624950201213,8.94002532166068,10.3743749502237,9.85287140309294,9.79786402284745,9.86711962298281,10.3842946586153,11.5872656806313,9.22663596535978,9.21254178313971,9.2053530790027,10.3933512345286,11.3092713859206,11.1537115934791,10.3105471458442,12.1861219287003,12.9632552509963,12.4963457681847,12.216355825124,13.4734611598906,12.8350994048887,13.5701734931165,13.4545857374927,11.7969208106796,12.702299681423,10.8295980597646,9.21734561047803,10.2386779676589,8.48701520687283,9.49040164535865,10.343878111687,10.251174,MEX
[1] Energía,[1A1b] Refinación del petróleo,[1A1b] Refinación del petróleo:HFCS,HFCS,0,0,0,0,0,0,0,0,0,0,0,0,0,0,0,0,0,0,0,0,0,0,0,0,0,0,0,0,0,0,0,0,0,0,MEX
[1] Energía,[1A1b] Refinación del petróleo,[1A1b] Refinación del petróleo:N2O,N2O,0.02020382142,0.0153014073750756,0.0153733389972526,0.0145513160290707,0.0172952931312925,0.0162050524398498,0.0158746735132187,0.0147827010769971,0.0152698665632715,0.0175242338662603,0.012344176952805,0.0114585795730771,0.011688611640948,0.012526931722006,0.0144673110333561,0.0137385920267655,0.0119079572021844,0.0155695868763319,0.0163609504218137,0.0156614772853874,0.0139007303982207,0.0150800249023483,0.0129341306712598,0.0137773576730873,0,0.0107693864825404,0.0116783906836972,0.00893181399329805,0.00884119617035999,0.00883348521137848,0.00689228540804654,0.00779817027062394,0.00866008264092306,0.008443,MEX
[1] Energía,[1A1b] Refinación del petróleo,[1A1b] Refinación del petróleo:NF3,NF3,0,0,0,0,0,0,0,0,0,0,0,0,0,0,0,0,0,0,0,0,0,0,0,0,0,0,0,0,0,0,0,0,0,0,MEX
[1] Energía,[1A1b] Refinación del petróleo,[1A1b] Refinación del petróleo:PFCS,PFCS,0,0,0,0,0,0,0,0,0,0,0,0,0,0,0,0,0,0,0,0,0,0,0,0,0,0,0,0,0,0,0,0,0,0,MEX
[1] Energía,[1A1b] Refinación del petróleo,[1A1b] Refinación del petróleo:SF6,SF6,0,0,0,0,0,0,0,0,0,0,0,0,0,0,0,0,0,0,0,0,0,0,0,0,0,0,0,0,0,0,0,0,0,0,MEX
[1] Energía,[1A1c] Manufactura de combustibles sólidos y otras industrias de la energía,[1A1c] Manufactura de combustibles sólidos y otras industrias de la energía:CH4,CH4,0.018174816,0.0217408972263352,0.0207875960029029,0.0168620759730574,0.0167958001322193,0.0141153690409135,0.0128830160615048,0.0119507016582672,0.0164258155671094,0.012918120567725,0.0125464937498664,0.0120983348791638,0.0126647950482059,0.014872566255088,0.0181741320433736,0.0136174680367761,0.0143932523164844,0.0134085726853096,0.0167832936328761,0.0149133660123454,0.0162109695136536,0.0142510620984244,0.0164841279807066,0.016239060232587,6.185e-06,0.0159338367313536,0.0138605445233536,0.0123212521132987,0.0104010393789946,0.0103814471563937,0.0090472770197474,0.00814956263887884,0.00780189351415722,0.007520709,MEX
[1] Energía,[1A1c] Manufactura de combustibles sólidos y otras industrias de la energía,[1A1c] Manufactura de combustibles sólidos y otras industrias de la energía:CO2,CO2,25.911446413,28.812260204522,29.0193267731079,25.9749381906993,25.7577751435563,22.5853252119071,20.7700895697925,20.0941623485772,24.3771716340647,20.7642744108087,21.6633259076152,21.7181396471163,21.8873653571761,23.9023264105946,25.7746215063644,23.9504753493469,24.912974617087,22.6503302961857,26.3057146352461,26.2232421008024,27.6240715917796,26.6243086734159,29.2249779427866,29.0426321307341,1.236963566,27.5594222349883,27.1006692116815,24.4431246903746,21.7427104723744,21.606904663959,18.5304787631429,16.5591814203998,15.3910597120785,14.310118899,MEX
[1] Energía,[1A1c] Manufactura de combustibles sólidos y otras industrias de la energía,[1A1c] Manufactura de combustibles sólidos y otras industrias de la energía:HFCS,HFCS,0,0,0,0,0,0,0,0,0,0,0,0,0,0,0,0,0,0,0,0,0,0,0,0,0,0,0,0,0,0,0,0,0,0,MEX
[1] Energía,[1A1c] Manufactura de combustibles sólidos y otras industrias de la energía,[1A1c] Manufactura de combustibles sólidos y otras industrias de la energía:N2O,N2O,0.027485844,0.0274858435767643,0.0274858435767643,0.0274858435767643,0.0239041519287075,0.0195876946101502,0.0178053822367813,0.0159067183730029,0.0241047715367285,0.0178916222337397,0.016487415874695,0.0151050141199229,0.016162772872052,0.020325099144994,0.0274858435767643,0.0169890894482345,0.0182363632368156,0.0174673208166681,0.0233157650471863,0.0183820622431126,0.0210747375452793,0.0168266371471517,0.0205956285797402,0.0199938787469127,0,0.0201806424209596,0.0152550577674596,0.0133667044183992,0.0107380391619547,0.0107385506489074,0.00932889552601475,0.0086454817685854,0.00925269838412811,0.00906,MEX
[1] Energía,[1A1c] Manufactura de combustibles sólidos y otras industrias de la energía,[1A1c] Manufactura de combustibles sólidos y otras industrias de la energía:NF3,NF3,0,0,0,0,0,0,0,0,0,0,0,0,0,0,0,0,0,0,0,0,0,0,0,0,0,0,0,0,0,0,0,0,0,0,MEX
[1] Energía,[1A1c] Manufactura de combustibles sólidos y otras industrias de la energía,[1A1c] Manufactura de combustibles sólidos y otras industrias de la energía:PFCS,PFCS,0,0,0,0,0,0,0,0,0,0,0,0,0,0,0,0,0,0,0,0,0,0,0,0,0,0,0,0,0,0,0,0,0,0,MEX
[1] Energía,[1A1c] Manufactura de combustibles sólidos y otras industrias de la energía,[1A1c] Manufactura de combustibles sólidos y otras industrias de la energía:SF6,SF6,0,0,0,0,0,0,0,0,0,0,0,0,0,0,0,0,0,0,0,0,0,0,0,0,0,0,0,0,0,0,0,0,0,0,MEX
[1] Energía,[1A2] Industrias manufactura y de la construcción,[1A2] Industrias manufactura y de la construcción:CH4,CH4,0.09636962216,0.10443149388,0.09936034332,0.108228027824,0.097125983808,0.105043304492,0.092534463504,0.100401821632,0.099323904484,0.079118154276,0.0747745146565799,0.0741334060256326,0.0785348642803255,0.0742533210802612,0.0874738948576962,0.100015671316428,0.10943091974799,0.100307006850754,0.108817921327939,0.0812157362467344,0.117425633828839,0.145910330100489,0.105692235170733,0.13326097881731,0.100642822007465,0.113871755984362,0.0971645524195635,0.118607628187239,0.104572169248906,0.113382386923601,0.114240306837258,0.128530537897595,0.114207914689226,0.0851165902283061,MEX
[1] Energía,[1A2] Industrias manufactura y de la construcción,[1A2] Industrias manufactura y de la construcción:CO2,CO2,40.496664145455,39.77360618085,40.337025482545,41.1552760310129,41.923691889405,40.4803274558872,43.6729089798208,44.6938037967535,45.650150303376,46.4146047707017,42.0473610632349,39.8854206032107,42.070998916246,40.2258126620872,47.0385792645898,49.1859893258928,55.1013693056233,52.7718989850114,52.2411300545249,44.563063468223,57.6340165132272,69.3341637768948,55.6202494403917,60.8794478283054,58.531961246317,66.6967293258573,61.7658816484553,68.0585373696519,61.4499640984975,66.1321660474343,63.4510744479708,69.1944761869473,66.4032127646245,59.4647009639214,MEX
[1] Energía,[1A2] Industrias manufactura y de la construcción,[1A2] Industrias manufactura y de la construcción:HFCS,HFCS,0,0,0,0,0,0,0,0,0,0,0,0,0,0,0,0,0,0,0,0,0,0,0,0,0,0,0,0,0,0,0,0,0,0,MEX
[1] Energía,[1A2] Industrias manufactura y de la construcción,[1A2] Industrias manufactura y de la construcción:N2O,N2O,0.13563587644,0.14443584592,0.13840916663,0.1513659171,0.1379164472805,0.146036663485,0.131151800151,0.141654896329,0.140246907445,0.1134206216105,0.106065051426719,0.105627327385441,0.110588381366065,0.105033327758675,0.125722938655609,0.140461982329291,0.153692937176552,0.14256209845107,0.152797724271789,0.113344576722174,0.160822611325989,0.202003924899936,0.144397335433014,0.179727613315159,0.133470036829031,0.153744852544055,0.128585127427334,0.158975388824064,0.13964553697699,0.153715819055011,0.15717739189993,0.177698166930054,0.156548976369561,0.114945816264383,MEX
[1] Energía,[1A2] Industrias manufactura y de la construcción,[1A2] Industrias manufactura y de la construcción:NF3,NF3,0,0,0,0,0,0,0,0,0,0,0,0,0,0,0,0,0,0,0,0,0,0,0,0,0,0,0,0,0,0,0,0,0,0,MEX
[1] Energía,[1A2] Industrias manufactura y de la construcción,[1A2] Industrias manufactura y de la construcción:PFCS,PFCS,0,0,0,0,0,0,0,0,0,0,0,0,0,0,0,0,0,0,0,0,0,0,0,0,0,0,0,0,0,0,0,0,0,0,MEX
[1] Energía,[1A2] Industrias manufactura y de la construcción,[1A2] Industrias manufactura y de la construcción:SF6,SF6,0,0,0,0,0,0,0,0,0,0,0,0,0,0,0,0,0,0,0,0,0,0,0,0,0,0,0,0,0,0,0,0,0,0,MEX
[1] Energía,[1A3] Transporte,[1A3] Transporte:CH4,CH4,0.344296962,0.369397787,0.373318669,0.366637896,0.376364472,0.367609782,0.37113746,0.382896295,0.39403617,0.417047473,0.441572609,0.42154875,0.428367736,0.438333982,0.450269057,0.451320958,0.450007224,0.4720964362,0.480679132,0.438733172,0.4091113566,0.4146127408,0.4180934112,0.4221775765,0.4518028379,0.4759871597,0.4909250679,0.4703149917,0.4834856856,0.4292203151,0.3338881476,0.417204543,0.4429383765,0.6464776795,MEX
[1] Energía,[1A3] Transporte,[1A3] Transporte:CO2,CO2,91.445711159,97.756041557,98.415052494,100.679893593,105.48538718,100.355975271,101.590208816,105.645492987,108.862873346,110.279032051,114.832518281,115.059206944,117.361623162,124.88400732,132.310698919,136.451771162,144.715552587,155.7043149096,164.795270709,157.919844201,148.499728492,148.463082797,150.357889603,150.020175002,161.197239689,170.357758378,175.635182281,172.303356288,181.275024122,168.808925589,117.39917117,153.114799424,163.870565342,166.161349687,MEX
[1] Energía,[1A3] Transporte,[1A3] Transporte:HFCS,HFCS,0,0,0,0,0,0,0,0,0,0,0,0,0,0,0,0,0,0,0,0,0,0,0,0,0,0,0,0,0,0,0,0,0,0,MEX
[1] Energía,[1A3] Transporte,[1A3] Transporte:N2O,N2O,2.231514508,2.351049546,2.374046664,2.423758743,2.524616903,2.407753401,2.438085863,2.545248667,2.578596563,2.537998194,2.648750723,2.609669595,2.625520677,2.721057109,2.83912052,2.87526603,2.94952191,3.0012398044,3.017849061,2.78189494,2.5148105307,2.4047168197,2.2951915345,2.1694236252,2.1828947904,2.2006878242,2.1183732554,1.995428984,2.0186424406,1.7603705679,1.1994749706,1.6058925284,1.7323276472,1.6353745338,MEX
[1] Energía,[1A3] Transporte,[1A3] Transporte:NF3,NF3,0,0,0,0,0,0,0,0,0,0,0,0,0,0,0,0,0,0,0,0,0,0,0,0,0,0,0,0,0,0,0,0,0,0,MEX
[1] Energía,[1A3] Transporte,[1A3] Transporte:PFCS,PFCS,0,0,0,0,0,0,0,0,0,0,0,0,0,0,0,0,0,0,0,0,0,0,0,0,0,0,0,0,0,0,0,0,0,0,MEX
[1] Energía,[1A3] Transporte,[1A3] Transporte:SF6,SF6,0,0,0,0,0,0,0,0,0,0,0,0,0,0,0,0,0,0,0,0,0,0,0,0,0,0,0,0,0,0,0,0,0,0,MEX
[1] Energía,[1A4] Otros sectores,[1A4] Otros sectores:CH4,CH4,0.30517256,0.30921316,0.32275111,0.30526928,0.30232353,0.30866207,0.31281504,0.31412081,0.31734802,0.3149431,0.31749965,0.29860377,0.29838144,0.30054501,0.30214152,0.29975737,0.30311771,0.30797412,0.31034819,0.30553611,0.37043422,0.36625039,0.36680151,0.36383122,0.36658209,0.36646878,0.36564659,0.36190422,0.36719337,0.35846692,0.35038977,0.35770797,0.35727033,0.35682214,MEX
[1] Energía,[1A4] Otros sectores,[1A4] Otros sectores:CO2,CO2,27.65885012,28.70868806,30.72229492,28.86647105,27.37900464,29.9643627,31.22405335,31.30526491,32.35585314,30.61455736,31.33670483,30.15241606,30.44247311,30.94492234,31.49738565,30.51524954,31.71380109,33.99243548,34.83388814,33.51913932,33.82392426,32.7741049,33.03168007,32.19710488,33.89989281,33.38212258,34.36237985,32.99991927,35.16698612,31.75042214,30.31979725,34.22242501,34.76804522,34.98738756,MEX
[1] Energía,[1A4] Otros sectores,[1A4] Otros sectores:HFCS,HFCS,0,0,0,0,0,0,0,0,0,0,0,0,0,0,0,0,0,0,0,0,0,0,0,0,0,0,0,0,0,0,0,0,0,0,MEX
[1] Energía,[1A4] Otros sectores,[1A4] Otros sectores:N2O,N2O,0.31836566,0.3210134,0.33338942,0.31613603,0.31595453,0.31795534,0.3201192,0.3215064,0.32318812,0.32410967,0.3256912,0.30483276,0.30387093,0.30532028,0.3058979,0.30508947,0.30606315,0.30674613,0.3074693,0.30457722,0.38573881,0.38302164,0.38281389,0.38089724,0.38017702,0.38076482,0.37778141,0.37613634,0.37742023,0.37427973,0.36828509,0.36835265,0.36661503,0.36548295,MEX
[1] Energía,[1A4] Otros sectores,[1A4] Otros sectores:NF3,NF3,0,0,0,0,0,0,0,0,0,0,0,0,0,0,0,0,0,0,0,0,0,0,0,0,0,0,0,0,0,0,0,0,0,0,MEX
[1] Energía,[1A4] Otros sectores,[1A4] Otros sectores:PFCS,PFCS,0,0,0,0,0,0,0,0,0,0,0,0,0,0,0,0,0,0,0,0,0,0,0,0,0,0,0,0,0,0,0,0,0,0,MEX
[1] Energía,[1A4] Otros sectores,[1A4] Otros sectores:SF6,SF6,0,0,0,0,0,0,0,0,0,0,0,0,0,0,0,0,0,0,0,0,0,0,0,0,0,0,0,0,0,0,0,0,0,0,MEX
[1] Energía,[1B] Emisiones fugitivas provenientes de la fabricación de combustibles,[1B] Emisiones fugitivas provenientes de la fabricación de combustibles:CH4,CH4,12.8243702457545,13.0333210509394,12.9271925521779,13.9182743547652,13.8821458663799,15.5000674164254,21.3072335515799,26.0557114740352,27.904009074854,23.9765747587161,25.0734172546969,23.5323349593589,22.5095090958053,23.4560244187065,22.1022514157273,22.6892535802343,24.4619159944762,31.624434309787,48.0130058066495,42.2615827469972,30.4921683431632,26.12569537,20.99588093,20.2856373,27.09568616,23.90127071,24.03606768,16.77435219,15.91310531,17.02143771,30.9460623918569,33.162754552005,23.37394340194,19.06998852621,MEX
[1] Energía,[1B] Emisiones fugitivas provenientes de la fabricación de combustibles,[1B] Emisiones fugitivas provenientes de la fabricación de combustibles:CO2,CO2,10.4316963453922,10.8791113289421,10.8491221837012,12.1619016456365,12.2458791434311,13.5813854442239,18.4601285998047,22.7321057077582,24.3521403983727,19.6682949853396,19.4968066959567,17.3553210448915,15.5825868829955,15.6626041535301,13.5466717188716,13.9099717773681,15.865194132882,21.9144016805745,39.4982493071573,32.9032528065302,22.6248606084091,16.9755681593418,12.31546793,12.7482997,17.58431446,16.12670819,18.17011273,11.00275505,11.03722074,12.39914382,15.7867374740475,17.7445346791718,22.1913366902151,18.549537345694,MEX
[1] Energía,[1B] Emisiones fugitivas provenientes de la fabricación de combustibles,[1B] Emisiones fugitivas provenientes de la fabricación de combustibles:HFCS,HFCS,0,0,0,0,0,0,0,0,0,0,0,0,0,0,0,0,0,0,0,0,0,0,0,0,0,0,0,0,0,0,0,0,0,0,MEX
[1] Energía,[1B] Emisiones fugitivas provenientes de la fabricación de combustibles,[1B] Emisiones fugitivas provenientes de la fabricación de combustibles:N2O,N2O,0.00678464,0.00940478438997319,0.00957261,0.01182468,0.01156309,0.01623172,0.02935638,0.04164833,0.04548626,0.03318612,0.03216937,0.02568698,0.02054731,0.01987591,0.01361671,0.01539497,0.0209816386887419,0.0383626532699419,0.0881346631944813,0.06895884544926,0.0414548034084922,0.02564382,0.0122205,0.01200941,0.02268784,0.04061339,0.0492385,0.0241838,0.01662144,0.02960297,0.0109436441733468,0.0113012531542747,0.0102644092951297,0.00852167826424,MEX
[1] Energía,[1B] Emisiones fugitivas provenientes de la fabricación de combustibles,[1B] Emisiones fugitivas provenientes de la fabricación de combustibles:NF3,NF3,0,0,0,0,0,0,0,0,0,0,0,0,0,0,0,0,0,0,0,0,0,0,0,0,0,0,0,0,0,0,0,0,0,0,MEX
[1] Energía,[1B] Emisiones fugitivas provenientes de la fabricación de combustibles,[1B] Emisiones fugitivas provenientes de la fabricación de combustibles:PFCS,PFCS,0,0,0,0,0,0,0,0,0,0,0,0,0,0,0,0,0,0,0,0,0,0,0,0,0,0,0,0,0,0,0,0,0,0,MEX
[1] Energía,[1B] Emisiones fugitivas provenientes de la fabricación de combustibles,[1B] Emisiones fugitivas provenientes de la fabricación de combustibles:SF6,SF6,0,0,0,0,0,0,0,0,0,0,0,0,0,0,0,0,0,0,0,0,0,0,0,0,0,0,0,0,0,0,0,0,0,0,MEX
[2] Procesos industriales y uso de productos,[2] Procesos industriales y uso de productos,[2] Procesos industriales y uso de productos:CH4,CH4,0.2579535770728,0.2596054482056,0.2777826952264,0.246020043806936,0.248222028218248,0.257785391616095,0.254861777239855,0.24700345706957,0.240549721297053,0.221240101179076,0.223048324725927,0.206483076104663,0.193588615276927,0.196003360087383,0.198128439401609,0.206730472398105,0.216418724108034,0.187539238840491,0.201414340729582,0.211986436973758,0.213393144371237,0.220859301201538,0.221002385236078,0.205726371799548,0.198352906947506,0.185000932256711,0.15380098726208,0.274190054893987,0.27885310124,0.24011252916,0.210188817962882,0.18115164045333,0.17040586604,0.175621581,MEX
[2] Procesos industriales y uso de productos,[2] Procesos industriales y uso de productos,[2] Procesos industriales y uso de productos:CO2,CO2,30.1448189180447,28.8038260864623,30.4873958699694,31.086030540213,34.1586243063346,33.6963501857779,36.7195209126661,40.1514189569868,40.9610724557762,44.4829279914685,46.2591069986082,45.0644963623336,43.2993660951056,45.0471146401553,53.7345370526758,46.9066750597961,51.4568219230206,49.9750241585942,51.452208906413,46.6027634111901,51.3872128540806,48.3108475266652,48.4362630544214,48.8730478960065,49.9599185191874,48.2209971428562,48.8417390571895,50.5111099672622,52.4219073567301,50.6229698709527,46.4657664075197,46.4469711155904,46.0375006313819,43.7753450666605,MEX
[2] Procesos industriales y uso de productos,[2] Procesos industriales y uso de productos,[2] Procesos industriales y uso de productos:HFCS,HFCS,0.76063584,0.88287008,0.56639232,0.86986,0.69528288,0.64778096,1.63200864,1.668588144,1.31221431310276,1.80966726791302,1.90355630872327,1.75012403653353,2.47175577634379,2.74105095415404,2.99310185411264,4.38539556007123,5.98005524202983,8.40115142598843,10.534395287947,12.0255590329056,13.9686632288642,14.7796197698228,14.7195472867814,15.81956796274,17.7414554148186,17.6145098138972,17.1400913309758,18.0341101210544,21.464227378133,22.0513723798955,21.6758597334895,24.9130243373296,25.9119285838225,30.7336040334623,MEX
[2] Procesos industriales y uso de productos,[2] Procesos industriales y uso de productos,[2] Procesos industriales y uso de productos:N2O,N2O,0.87291,1.018726515,0.617144985,0.695182185,0.76263714,1.30096026,1.5927507,1.28224755,1.18831931332688,1.02081598128163,0.550691924236388,0.462630557191144,0.3179993751459,0.330985688100656,0.330379548390591,0.336181903680525,0.363284693970459,0.355819294260394,0.264957599550328,0.294588489840263,0.738170664930197,0.748998215220131,0.719132537760066,0.695837701892128,0.692883385027744,0.704305835127506,0.690798180298421,0.719749382513219,0.727228471602059,0.653686914648199,0.477443470388974,0.542064885045125,0.492669561069712,0.40847289409802,MEX
[2] Procesos industriales y uso de productos,[2] Procesos industriales y uso de productos,[2] Procesos industriales y uso de productos:NF3,NF3,0,0,0,0,0,0,0,0,4.50095625e-05,0.000217059294375,0.00038910902625,0.000561158758125,0.00073320849,0.000905258221875,0.0009451423996875,0.0009850265775,0.0010249107553125,0.001064794933125,0.0011046791109375,0.00114456328875,0.0011844474665625,0.001224331644375,0.0012642158221875,0.00151260402006558,0.0016746435661943,0.00182555697653272,0.00196765919823909,0.00212461631010411,0.0022724526112281,0.00247445185798569,0.0024246451786544,0.00296462955754438,0.00297668288045305,0.00270088,MEX
[2] Procesos industriales y uso de productos,[2] Procesos industriales y uso de productos,[2] Procesos industriales y uso de productos:PFCS,PFCS,0.437732261,0.320770276,0.283559069,0.17318195,0,0.06996755,0.412682897,0.445862553,0.452626554458188,0.522157567174948,0.569200794891709,0.346989699608469,0.26328982832523,0.169511082041991,0.00159723390779156,0.0016646357735925,0.00173203763939344,0.00179943950519437,0.00186684137099531,0.00193424323679625,0.00200164510259719,0.0184335925033378,0.0188412199490693,0.0194006903498638,0.02146038314113,0.0236415931801295,0.0250097298190828,0.0252334663959966,0.0255632482852328,0.0261739539838702,0.0273352469482907,0.0323105455890669,0.0343272721315433,0.0308735250513662,MEX
[2] Procesos industriales y uso de productos,[2] Procesos industriales y uso de productos,[2] Procesos industriales y uso de productos:SF6,SF6,0.03651712,0.03903577,0.04343697,0.04777648,0.05149287,0.05340825,0.06524611,0.06524611,0.0665916990625,0.068657538559375,0.07204788805625,0.076082707553125,0.08643330705,0.097370606546875,0.107472361892188,0.1143060972375,0.117439652582813,0.137070207928125,0.140203763273438,0.14089330861875,0.156246863964063,0.161515289309375,0.164339724654688,0.177916863183696,0.185862468748618,0.200840315205685,0.217012246659525,0.257088544143677,0.278664096235321,0.400915895612152,0.400746622944633,0.401152743877746,0.401213165088646,0.400994775,MEX
[3] Agricultura,[3A] Fermentación entérica,[3A] Fermentación entérica:CH4,CH4,73.956555,73.167335,71.653365,69.30476,68.954595,68.01033,65.522695,66.445747,67.172497,65.437137,66.477579,66.784472,68.448431,68.623846,68.336021,67.822257,68.2462,68.851728,69.872495,70.923562,71.600319,72.137471,70.081768,71.048914,72.058466,73.29235,74.037671,75.057267,76.202082,77.083942,78.022933,78.780629,79.719088,80.282859,MEX
[3] Agricultura,[3A] Fermentación entérica,[3A] Fermentación entérica:CO2,CO2,0,0,0,0,0,0,0,0,0,0,0,0,0,0,0,0,0,0,0,0,0,0,0,0,0,0,0,0,0,0,0,0,0,0,MEX
[3] Agricultura,[3A] Fermentación entérica,[3A] Fermentación entérica:HFCS,HFCS,0,0,0,0,0,0,0,0,0,0,0,0,0,0,0,0,0,0,0,0,0,0,0,0,0,0,0,0,0,0,0,0,0,0,MEX
[3] Agricultura,[3A] Fermentación entérica,[3A] Fermentación entérica:N2O,N2O,0,0,0,0,0,0,0,0,0,0,0,0,0,0,0,0,0,0,0,0,0,0,0,0,0,0,0,0,0,0,0,0,0,0,MEX
[3] Agricultura,[3A] Fermentación entérica,[3A] Fermentación entérica:NF3,NF3,0,0,0,0,0,0,0,0,0,0,0,0,0,0,0,0,0,0,0,0,0,0,0,0,0,0,0,0,0,0,0,0,0,0,MEX
[3] Agricultura,[3A] Fermentación entérica,[3A] Fermentación entérica:PFCS,PFCS,0,0,0,0,0,0,0,0,0,0,0,0,0,0,0,0,0,0,0,0,0,0,0,0,0,0,0,0,0,0,0,0,0,0,MEX
[3] Agricultura,[3A] Fermentación entérica,[3A] Fermentación entérica:SF6,SF6,0,0,0,0,0,0,0,0,0,0,0,0,0,0,0,0,0,0,0,0,0,0,0,0,0,0,0,0,0,0,0,0,0,0,MEX
[3] Agricultura,[3B5] Emisiones indirectas de los N2O de la gestión del estiércol,[3B5] Emisiones indirectas de los N2O de la gestión del estiércol:CH4,CH4,0,0,0,0,0,0,0,0,0,0,0,0,0,0,0,0,0,0,0,0,0,0,0,0,0,0,0,0,0,0,0,0,0,0,MEX
[3] Agricultura,[3B5] Emisiones indirectas de los N2O de la gestión del estiércol,[3B5] Emisiones indirectas de los N2O de la gestión del estiércol:CO2,CO2,0,0,0,0,0,0,0,0,0,0,0,0,0,0,0,0,0,0,0,0,0,0,0,0,0,0,0,0,0,0,0,0,0,0,MEX
[3] Agricultura,[3B5] Emisiones indirectas de los N2O de la gestión del estiércol,[3B5] Emisiones indirectas de los N2O de la gestión del estiércol:HFCS,HFCS,0,0,0,0,0,0,0,0,0,0,0,0,0,0,0,0,0,0,0,0,0,0,0,0,0,0,0,0,0,0,0,0,0,0,MEX
[3] Agricultura,[3B5] Emisiones indirectas de los N2O de la gestión del estiércol,[3B5] Emisiones indirectas de los N2O de la gestión del estiércol:N2O,N2O,1.481014225,1.538301945,1.580391939,1.611568375,1.686388674,1.729421529,1.671894045,1.684710324,1.786642226,1.854040144,1.947957815,2.007121931,2.047211932,2.754932177,2.454708964,2.450594971,2.523565607,2.588669209,2.644580831,2.673226984,2.74235,2.792365919,2.81238,2.81036,2.919331997,2.872106751,0.7066098419,0.7172385234,0.7382505671,1.31628,1.447335599,1.459770312,1.459770312,1.756983596,MEX
[3] Agricultura,[3B5] Emisiones indirectas de los N2O de la gestión del estiércol,[3B5] Emisiones indirectas de los N2O de la gestión del estiércol:NF3,NF3,0,0,0,0,0,0,0,0,0,0,0,0,0,0,0,0,0,0,0,0,0,0,0,0,0,0,0,0,0,0,0,0,0,0,MEX
[3] Agricultura,[3B5] Emisiones indirectas de los N2O de la gestión del estiércol,[3B5] Emisiones indirectas de los N2O de la gestión del estiércol:PFCS,PFCS,0,0,0,0,0,0,0,0,0,0,0,0,0,0,0,0,0,0,0,0,0,0,0,0,0,0,0,0,0,0,0,0,0,0,MEX
[3] Agricultura,[3B5] Emisiones indirectas de los N2O de la gestión del estiércol,[3B5] Emisiones indirectas de los N2O de la gestión del estiércol:SF6,SF6,0,0,0,0,0,0,0,0,0,0,0,0,0,0,0,0,0,0,0,0,0,0,0,0,0,0,0,0,0,0,0,0,0,0,MEX
[3] Agricultura,[3B] Gestión del estiércol,[3B] Gestión del estiércol:CH4,CH4,15.406684,14.490984,14.209523,15.583546,15.596251,15.523795,15.075304,15.08196,14.658412,14.776443,15.039112,15.421624,15.899751,15.778915,16.066768,16.153532,16.547106,16.499742,16.583278,16.53743,16.38739,16.845508,17.029798,17.358827,17.448998,16.888453,18.038811,18.317431,18.640462,19.186104,19.125077,19.246454,19.445105,19.821297,MEX
[3] Agricultura,[3B] Gestión del estiércol,[3B] Gestión del estiércol:CO2,CO2,0,0,0,0,0,0,0,0,0,0,0,0,0,0,0,0,0,0,0,0,0,0,0,0,0,0,0,0,0,0,0,0,0,0,MEX
[3] Agricultura,[3B] Gestión del estiércol,[3B] Gestión del estiércol:HFCS,HFCS,0,0,0,0,0,0,0,0,0,0,0,0,0,0,0,0,0,0,0,0,0,0,0,0,0,0,0,0,0,0,0,0,0,0,MEX
[3] Agricultura,[3B] Gestión del estiércol,[3B] Gestión del estiércol:N2O,N2O,7.0188717846,6.8586695417,6.6525727326,6.1666453624,6.1088736881,5.9967459795,5.806717366,5.8407829121,5.8707773753,5.7029941483,5.7662632209,5.7887851064,5.8869165351,5.8341522361,5.7712028244,5.7226740424,5.7154555781,5.7183772368,5.7500559979,6.9856082978,7.0237736009,7.046316063,6.9146098439,7.011689462,7.0985015025,7.2100795118,7.3095941889,7.4222790489,7.5790289426,7.6734110783,7.8608794733,7.9959154742,8.2276519194,8.3266944349,MEX
[3] Agricultura,[3B] Gestión del estiércol,[3B] Gestión del estiércol:NF3,NF3,0,0,0,0,0,0,0,0,0,0,0,0,0,0,0,0,0,0,0,0,0,0,0,0,0,0,0,0,0,0,0,0,0,0,MEX
[3] Agricultura,[3B] Gestión del estiércol,[3B] Gestión del estiércol:PFCS,PFCS,0,0,0,0,0,0,0,0,0,0,0,0,0,0,0,0,0,0,0,0,0,0,0,0,0,0,0,0,0,0,0,0,0,0,MEX
[3] Agricultura,[3B] Gestión del estiércol,[3B] Gestión del estiércol:SF6,SF6,0,0,0,0,0,0,0,0,0,0,0,0,0,0,0,0,0,0,0,0,0,0,0,0,0,0,0,0,0,0,0,0,0,0,MEX
[3] Agricultura,[3C] Cultivo del arroz,[3C] Cultivo del arroz:CH4,CH4,0.258145797,0.239499316,0.264330896,0.164215399,0.244598291,0.223689992,0.241037319,0.316975655,0.276801154,0.219923254,0.230269759,0.144033431,0.136984387,0.164327562,0.170984714,0.16269384,0.19281454,0.192497305,0.143630484,0.152373915,0.122711082,0.0979666494,0.0902717886,0.0977121606,0.121055283,0.123730021,0.127180637,0.128081265,0.137746433,0.119134997,0.143441881,0.120805184,0.115723299,0.113413001,MEX
[3] Agricultura,[3C] Cultivo del arroz,[3C] Cultivo del arroz:CO2,CO2,0,0,0,0,0,0,0,0,0,0,0,0,0,0,0,0,0,0,0,0,0,0,0,0,0,0,0,0,0,0,0,0,0,0,MEX
[3] Agricultura,[3C] Cultivo del arroz,[3C] Cultivo del arroz:HFCS,HFCS,0,0,0,0,0,0,0,0,0,0,0,0,0,0,0,0,0,0,0,0,0,0,0,0,0,0,0,0,0,0,0,0,0,0,MEX
[3] Agricultura,[3C] Cultivo del arroz,[3C] Cultivo del arroz:N2O,N2O,0,0,0,0,0,0,0,0,0,0,0,0,0,0,0,0,0,0,0,0,0,0,0,0,0,0,0,0,0,0,0,0,0,0,MEX
[3] Agricultura,[3C] Cultivo del arroz,[3C] Cultivo del arroz:NF3,NF3,0,0,0,0,0,0,0,0,0,0,0,0,0,0,0,0,0,0,0,0,0,0,0,0,0,0,0,0,0,0,0,0,0,0,MEX
[3] Agricultura,[3C] Cultivo del arroz,[3C] Cultivo del arroz:PFCS,PFCS,0,0,0,0,0,0,0,0,0,0,0,0,0,0,0,0,0,0,0,0,0,0,0,0,0,0,0,0,0,0,0,0,0,0,MEX
[3] Agricultura,[3C] Cultivo del arroz,[3C] Cultivo del arroz:SF6,SF6,0,0,0,0,0,0,0,0,0,0,0,0,0,0,0,0,0,0,0,0,0,0,0,0,0,0,0,0,0,0,0,0,0,0,MEX
[3] Agricultura,[3D1] Emisiones directas de los N2O de los suelos gestionados,[3D1] Emisiones directas de los N2O de los suelos gestionados:CH4,CH4,0,0,0,0,0,0,0,0,0,0,0,0,0,0,0,0,0,0,0,0,0,0,0,0,0,0,0,0,0,0,0,0,0,0,MEX
[3] Agricultura,[3D1] Emisiones directas de los N2O de los suelos gestionados,[3D1] Emisiones directas de los N2O de los suelos gestionados:CO2,CO2,0,0,0,0,0,0,0,0,0,0,0,0,0,0,0,0,0,0,0,0,0,0,0,0,0,0,0,0,0,0,0,0,0,0,MEX
[3] Agricultura,[3D1] Emisiones directas de los N2O de los suelos gestionados,[3D1] Emisiones directas de los N2O de los suelos gestionados:HFCS,HFCS,0,0,0,0,0,0,0,0,0,0,0,0,0,0,0,0,0,0,0,0,0,0,0,0,0,0,0,0,0,0,0,0,0,0,MEX
[3] Agricultura,[3D1] Emisiones directas de los N2O de los suelos gestionados,[3D1] Emisiones directas de los N2O de los suelos gestionados:N2O,N2O,8.6971114,7.44420592,8.55151818,7.4455808,8.22995106,7.79833086,7.27439778,8.94444697,8.39291443,9.63004597,9.87913965,9.6496696,10.02767,9.9392543,11.2889565,10.2876266,9.97827486,11.2754975,12.346781,10.4813428,12.8002333,12.9100293,11.7999727,15.4258905,12.9827078,14.591369,12.2896532,13.5628859,15.4955643,13.7723759,12.3562602,13.9052161,13.963423,12.1779585,MEX
[3] Agricultura,[3D1] Emisiones directas de los N2O de los suelos gestionados,[3D1] Emisiones directas de los N2O de los suelos gestionados:NF3,NF3,0,0,0,0,0,0,0,0,0,0,0,0,0,0,0,0,0,0,0,0,0,0,0,0,0,0,0,0,0,0,0,0,0,0,MEX
[3] Agricultura,[3D1] Emisiones directas de los N2O de los suelos gestionados,[3D1] Emisiones directas de los N2O de los suelos gestionados:PFCS,PFCS,0,0,0,0,0,0,0,0,0,0,0,0,0,0,0,0,0,0,0,0,0,0,0,0,0,0,0,0,0,0,0,0,0,0,MEX
[3] Agricultura,[3D1] Emisiones directas de los N2O de los suelos gestionados,[3D1] Emisiones directas de los N2O de los suelos gestionados:SF6,SF6,0,0,0,0,0,0,0,0,0,0,0,0,0,0,0,0,0,0,0,0,0,0,0,0,0,0,0,0,0,0,0,0,0,0,MEX
[3] Agricultura,[3D2] Emisiones indirectas de los N2O de los suelos gestionados,[3D2] Emisiones indirectas de los N2O de los suelos gestionados:CH4,CH4,0,0,0,0,0,0,0,0,0,0,0,0,0,0,0,0,0,0,0,0,0,0,0,0,0,0,0,0,0,0,0,0,0,0,MEX
[3] Agricultura,[3D2] Emisiones indirectas de los N2O de los suelos gestionados,[3D2] Emisiones indirectas de los N2O de los suelos gestionados:CO2,CO2,0,0,0,0,0,0,0,0,0,0,0,0,0,0,0,0,0,0,0,0,0,0,0,0,0,0,0,0,0,0,0,0,0,0,MEX
[3] Agricultura,[3D2] Emisiones indirectas de los N2O de los suelos gestionados,[3D2] Emisiones indirectas de los N2O de los suelos gestionados:HFCS,HFCS,0,0,0,0,0,0,0,0,0,0,0,0,0,0,0,0,0,0,0,0,0,0,0,0,0,0,0,0,0,0,0,0,0,0,MEX
[3] Agricultura,[3D2] Emisiones indirectas de los N2O de los suelos gestionados,[3D2] Emisiones indirectas de los N2O de los suelos gestionados:N2O,N2O,4.24073345737,4.135355216512,4.271697970077,4.069303444889,4.694420384391,4.333134063619,4.148049234504,4.9094609323,4.57334071604,5.090482797954,5.053030609975,5.016079892346,5.288426524221,5.240680965333,5.442491084099,5.365885531106,5.20748544535,5.66139515686,6.218796301939,5.559435773618,5.736144418375,6.560105592217,6.100756910715,6.406656655321,6.354852171714,6.523461895659,6.454584675737,6.715135950834,6.444851268714,6.722915525263,6.144191863568,6.269888210478,6.916705531666,6.471999823561,MEX
[3] Agricultura,[3D2] Emisiones indirectas de los N2O de los suelos gestionados,[3D2] Emisiones indirectas de los N2O de los suelos gestionados:NF3,NF3,0,0,0,0,0,0,0,0,0,0,0,0,0,0,0,0,0,0,0,0,0,0,0,0,0,0,0,0,0,0,0,0,0,0,MEX
[3] Agricultura,[3D2] Emisiones indirectas de los N2O de los suelos gestionados,[3D2] Emisiones indirectas de los N2O de los suelos gestionados:PFCS,PFCS,0,0,0,0,0,0,0,0,0,0,0,0,0,0,0,0,0,0,0,0,0,0,0,0,0,0,0,0,0,0,0,0,0,0,MEX
[3] Agricultura,[3D2] Emisiones indirectas de los N2O de los suelos gestionados,[3D2] Emisiones indirectas de los N2O de los suelos gestionados:SF6,SF6,0,0,0,0,0,0,0,0,0,0,0,0,0,0,0,0,0,0,0,0,0,0,0,0,0,0,0,0,0,0,0,0,0,0,MEX
[3] Agricultura,[3F] Emisiones de quemado de biomasa en tierras de cultivo,[3F] Emisiones de quemado de biomasa en tierras de cultivo:CH4,CH4,0.4866876184,0.4668094028,0.5255123729,0.5026668973,0.4984811192,0.5222858068,0.5489619688,0.5361770411,0.5646276129,0.53673237,0.5191205984,0.5696367858,0.5714827182,0.6096717295,0.6120196687,0.5988640302,0.5959782632,0.6213660628,0.6381148032,0.5861752247,0.620608462,0.5609924863,0.6383669598,0.7023772296,0.6880866616,0.671336412,0.7129617424,0.7098824047,0.7098824047,0.7098824047,0.6437327273,0.6401525864,0.6365905724,0.64178557,MEX
[3] Agricultura,[3F] Emisiones de quemado de biomasa en tierras de cultivo,[3F] Emisiones de quemado de biomasa en tierras de cultivo:CO2,CO2,0,0,0,0,0,0,0,0,0,0,0,0,0,0,0,0,0,0,0,0,0,0,0,0,0,0,0,0,0,0,0,0,0,0,MEX
[3] Agricultura,[3F] Emisiones de quemado de biomasa en tierras de cultivo,[3F] Emisiones de quemado de biomasa en tierras de cultivo:HFCS,HFCS,0,0,0,0,0,0,0,0,0,0,0,0,0,0,0,0,0,0,0,0,0,0,0,0,0,0,0,0,0,0,0,0,0,0,MEX
[3] Agricultura,[3F] Emisiones de quemado de biomasa en tierras de cultivo,[3F] Emisiones de quemado de biomasa en tierras de cultivo:N2O,N2O,0.1477138359,0.1388657934,0.1592363134,0.1520750889,0.1514706529,0.1581255996,0.1663907338,0.1626653089,0.1709069648,0.1624963427,0.1581116938,0.1730343784,0.1729496374,0.1845231594,0.1852008655,0.1810348339,0.1805384386,0.1889165643,0.1945989085,0.178368264,0.1889616953,0.1704569899,0.1936250082,0.7295214856,0.208376643,0.2035304271,0.2164426911,0.2151271184,0.2151271184,0.2151271184,0.1955379562,0.1946298024,0.1940892115,0.19557258,MEX
[3] Agricultura,[3F] Emisiones de quemado de biomasa en tierras de cultivo,[3F] Emisiones de quemado de biomasa en tierras de cultivo:NF3,NF3,0,0,0,0,0,0,0,0,0,0,0,0,0,0,0,0,0,0,0,0,0,0,0,0,0,0,0,0,0,0,0,0,0,0,MEX
[3] Agricultura,[3F] Emisiones de quemado de biomasa en tierras de cultivo,[3F] Emisiones de quemado de biomasa en tierras de cultivo:PFCS,PFCS,0,0,0,0,0,0,0,0,0,0,0,0,0,0,0,0,0,0,0,0,0,0,0,0,0,0,0,0,0,0,0,0,0,0,MEX
[3] Agricultura,[3F] Emisiones de quemado de biomasa en tierras de cultivo,[3F] Emisiones de quemado de biomasa en tierras de cultivo:SF6,SF6,0,0,0,0,0,0,0,0,0,0,0,0,0,0,0,0,0,0,0,0,0,0,0,0,0,0,0,0,0,0,0,0,0,0,MEX
[3] Agricultura,[3G] Encalado,[3G] Encalado:CH4,CH4,0,0,0,0,0,0,0,0,0,0,0,0,0,0,0,0,0,0,0,0,0,0,0,0,0,0,0,0,0,0,0,0,0,0,MEX
[3] Agricultura,[3G] Encalado,[3G] Encalado:CO2,CO2,0.03093167,0.03131552,0.03169938,0.03232354,0.03294821,0.03184861,0.03266722,0.03417458,0.03366194,0.03326486,0.03459937,0.03507599,0.03592577,0.03587652,0.03492688,0.03449168,0.03652768,0.0366642,0.03774117,0.03563188,0.0385348,0.0418105,0.04388084,0.03859099,0.04311448,0.04282571,0.04501015,0.04895553,0.03691304,0.03782994,0.04014954,0.04384412,0.0434438,0.04150239,MEX
[3] Agricultura,[3G] Encalado,[3G] Encalado:HFCS,HFCS,0,0,0,0,0,0,0,0,0,0,0,0,0,0,0,0,0,0,0,0,0,0,0,0,0,0,0,0,0,0,0,0,0,0,MEX
[3] Agricultura,[3G] Encalado,[3G] Encalado:N2O,N2O,0,0,0,0,0,0,0,0,0,0,0,0,0,0,0,0,0,0,0,0,0,0,0,0,0,0,0,0,0,0,0,0,0,0,MEX
[3] Agricultura,[3G] Encalado,[3G] Encalado:NF3,NF3,0,0,0,0,0,0,0,0,0,0,0,0,0,0,0,0,0,0,0,0,0,0,0,0,0,0,0,0,0,0,0,0,0,0,MEX
[3] Agricultura,[3G] Encalado,[3G] Encalado:PFCS,PFCS,0,0,0,0,0,0,0,0,0,0,0,0,0,0,0,0,0,0,0,0,0,0,0,0,0,0,0,0,0,0,0,0,0,0,MEX
[3] Agricultura,[3G] Encalado,[3G] Encalado:SF6,SF6,0,0,0,0,0,0,0,0,0,0,0,0,0,0,0,0,0,0,0,0,0,0,0,0,0,0,0,0,0,0,0,0,0,0,MEX
[3] Agricultura,[3H] Aplicación de urea,[3H] Aplicación de urea:CH4,CH4,0,0,0,0,0,0,0,0,0,0,0,0,0,0,0,0,0,0,0,0,0,0,0,0,0,0,0,0,0,0,0,0,0,0,MEX
[3] Agricultura,[3H] Aplicación de urea,[3H] Aplicación de urea:CO2,CO2,0.840975171,0.802447262,0.941881876,0.889227647,1.06680972,0.910607423,0.749360309,0.926540378,0.956845344,1.06555074,1.07793017,1.08587137,1.16879227,1.19375632,1.29863145,1.42149288,1.3097516,1.65241173,1.59655524,1.45867937,1.51420805,1.6746551,1.57197304,1.21368906,1.29556476,1.16450327,1.41928553,1.4572348,1.39383043,1.40222237,1.46354752,1.410101,1.54869408,1.61227861,MEX
[3] Agricultura,[3H] Aplicación de urea,[3H] Aplicación de urea:HFCS,HFCS,0,0,0,0,0,0,0,0,0,0,0,0,0,0,0,0,0,0,0,0,0,0,0,0,0,0,0,0,0,0,0,0,0,0,MEX
[3] Agricultura,[3H] Aplicación de urea,[3H] Aplicación de urea:N2O,N2O,0,0,0,0,0,0,0,0,0,0,0,0,0,0,0,0,0,0,0,0,0,0,0,0,0,0,0,0,0,0,0,0,0,0,MEX
[3] Agricultura,[3H] Aplicación de urea,[3H] Aplicación de urea:NF3,NF3,0,0,0,0,0,0,0,0,0,0,0,0,0,0,0,0,0,0,0,0,0,0,0,0,0,0,0,0,0,0,0,0,0,0,MEX
[3] Agricultura,[3H] Aplicación de urea,[3H] Aplicación de urea:PFCS,PFCS,0,0,0,0,0,0,0,0,0,0,0,0,0,0,0,0,0,0,0,0,0,0,0,0,0,0,0,0,0,0,0,0,0,0,MEX
[3] Agricultura,[3H] Aplicación de urea,[3H] Aplicación de urea:SF6,SF6,0,0,0,0,0,0,0,0,0,0,0,0,0,0,0,0,0,0,0,0,0,0,0,0,0,0,0,0,0,0,0,0,0,0,MEX
"[4] Uso de la tierra, cambios de uso de la tierra y silvicultura (UTCUTS)",[4A] Tierra forestales,[4A] Tierra forestales:CH4,CH4,0,0,0,0,0,0,0,0,0,0,0,0,0,0,0,0,0,0,0,0,0,0,0,0,0,0,0,0,0,0,0,0,0,0,MEX
"[4] Uso de la tierra, cambios de uso de la tierra y silvicultura (UTCUTS)",[4A] Tierra forestales,[4A] Tierra forestales:CO2,CO2,-190.7742946398,-190.1869129456,-189.5995312514,-189.0121495571,-188.4247678628,-187.8373861685,-187.2500044742,-186.6626227799,-186.0752410856,-185.4878593913,-189.840615442,-190.0626338798,-189.5825799067,-189.3208131718,-188.961799249,-188.5535361824,-188.2091026298,-188.3073194322,-187.9829313172,-187.2598298548,-186.7042098614,-186.0640051517,-185.7764959636,-185.3813940988,-184.793787806,-184.3462026265,-183.7211129323,-183.3298461119,-182.791061842,-183.3746876916,-182.7563330352,-182.2840924724,-182.0314362268,-181.5048611794,MEX
"[4] Uso de la tierra, cambios de uso de la tierra y silvicultura (UTCUTS)",[4A] Tierra forestales,[4A] Tierra forestales:HFCS,HFCS,0,0,0,0,0,0,0,0,0,0,0,0,0,0,0,0,0,0,0,0,0,0,0,0,0,0,0,0,0,0,0,0,0,0,MEX
"[4] Uso de la tierra, cambios de uso de la tierra y silvicultura (UTCUTS)",[4A] Tierra forestales,[4A] Tierra forestales:N2O,N2O,0,0,0,0,0,0,0,0,0,0,0,0,0,0,0,0,0,0,0,0,0,0,0,0,0,0,0,0,0,0,0,0,0,0,MEX
"[4] Uso de la tierra, cambios de uso de la tierra y silvicultura (UTCUTS)",[4A] Tierra forestales,[4A] Tierra forestales:NF3,NF3,0,0,0,0,0,0,0,0,0,0,0,0,0,0,0,0,0,0,0,0,0,0,0,0,0,0,0,0,0,0,0,0,0,0,MEX
"[4] Uso de la tierra, cambios de uso de la tierra y silvicultura (UTCUTS)",[4A] Tierra forestales,[4A] Tierra forestales:PFCS,PFCS,0,0,0,0,0,0,0,0,0,0,0,0,0,0,0,0,0,0,0,0,0,0,0,0,0,0,0,0,0,0,0,0,0,0,MEX
"[4] Uso de la tierra, cambios de uso de la tierra y silvicultura (UTCUTS)",[4A] Tierra forestales,[4A] Tierra forestales:SF6,SF6,0,0,0,0,0,0,0,0,0,0,0,0,0,0,0,0,0,0,0,0,0,0,0,0,0,0,0,0,0,0,0,0,0,0,MEX
"[4] Uso de la tierra, cambios de uso de la tierra y silvicultura (UTCUTS)",[4B] Tierra de cultivo,[4B] Tierra de cultivo:CH4,CH4,0,0,0,0,0,0,0,0,0,0,0,0,0,0,0,0,0,0,0,0,0,0,0,0,0,0,0,0,0,0,0,0,0,0,MEX
"[4] Uso de la tierra, cambios de uso de la tierra y silvicultura (UTCUTS)",[4B] Tierra de cultivo,[4B] Tierra de cultivo:CO2,CO2,-14.0576172486,-14.0143347557,-13.9710522629,-13.9277697701,-13.8844872773,-13.8412047845,-13.7979222916,-13.7546397988,-13.711357306,-13.6680748132,-13.9888170739,-13.9868916655,-12.4174283727,-13.2766006403,-10.7705629204,-9.7414536109,-12.0126920508,-11.0940741487,-10.3027660111,-10.7036050305,-10.974736854,-8.5776182885,-12.6635714954,-10.7307548227,-11.5003538923,-14.4439321677,-10.8392514469,-13.6714471624,-9.8372963983,-12.9252842652,-14.4843284429,-14.6332697033,-17.7216493166,-15.0929119389,MEX
"[4] Uso de la tierra, cambios de uso de la tierra y silvicultura (UTCUTS)",[4B] Tierra de cultivo,[4B] Tierra de cultivo:HFCS,HFCS,0,0,0,0,0,0,0,0,0,0,0,0,0,0,0,0,0,0,0,0,0,0,0,0,0,0,0,0,0,0,0,0,0,0,MEX
"[4] Uso de la tierra, cambios de uso de la tierra y silvicultura (UTCUTS)",[4B] Tierra de cultivo,[4B] Tierra de cultivo:N2O,N2O,0,0,0,0,0,0,0,0,0,0,0,0,0,0,0,0,0,0,0,0,0,0,0,0,0,0,0,0,0,0,0,0,0,0,MEX
"[4] Uso de la tierra, cambios de uso de la tierra y silvicultura (UTCUTS)",[4B] Tierra de cultivo,[4B] Tierra de cultivo:NF3,NF3,0,0,0,0,0,0,0,0,0,0,0,0,0,0,0,0,0,0,0,0,0,0,0,0,0,0,0,0,0,0,0,0,0,0,MEX
"[4] Uso de la tierra, cambios de uso de la tierra y silvicultura (UTCUTS)",[4B] Tierra de cultivo,[4B] Tierra de cultivo:PFCS,PFCS,0,0,0,0,0,0,0,0,0,0,0,0,0,0,0,0,0,0,0,0,0,0,0,0,0,0,0,0,0,0,0,0,0,0,MEX
"[4] Uso de la tierra, cambios de uso de la tierra y silvicultura (UTCUTS)",[4B] Tierra de cultivo,[4B] Tierra de cultivo:SF6,SF6,0,0,0,0,0,0,0,0,0,0,0,0,0,0,0,0,0,0,0,0,0,0,0,0,0,0,0,0,0,0,0,0,0,0,MEX
"[4] Uso de la tierra, cambios de uso de la tierra y silvicultura (UTCUTS)",[4C] Praderas,[4C] Praderas:CH4,CH4,0,0,0,0,0,0,0,0,0,0,0,0,0,0,0,0,0,0,0,0,0,0,0,0,0,0,0,0,0,0,0,0,0,0,MEX
"[4] Uso de la tierra, cambios de uso de la tierra y silvicultura (UTCUTS)",[4C] Praderas,[4C] Praderas:CO2,CO2,5.1061842899,5.0904626793,5.0747410686,5.059019458,5.0432978474,5.0275762368,5.0118546261,4.9961330155,4.9804114049,4.9646897943,5.0811938264,5.0893824803,8.9052827139,10.0112103212,6.8175409721,6.733404605,7.5487005143,11.2171994769,6.9322639878,19.1148794948,9.8442053123,11.5138179274,9.6605105005,15.684342274,13.3217292951,11.7456568485,13.4591794092,10.0454056857,13.8401570831,14.7665584004,15.7118338203,12.6155228591,7.9971142557,10.7745309529,MEX
"[4] Uso de la tierra, cambios de uso de la tierra y silvicultura (UTCUTS)",[4C] Praderas,[4C] Praderas:HFCS,HFCS,0,0,0,0,0,0,0,0,0,0,0,0,0,0,0,0,0,0,0,0,0,0,0,0,0,0,0,0,0,0,0,0,0,0,MEX
"[4] Uso de la tierra, cambios de uso de la tierra y silvicultura (UTCUTS)",[4C] Praderas,[4C] Praderas:N2O,N2O,0,0,0,0,0,0,0,0,0,0,0,0,0,0,0,0,0,0,0,0,0,0,0,0,0,0,0,0,0,0,0,0,0,0,MEX
"[4] Uso de la tierra, cambios de uso de la tierra y silvicultura (UTCUTS)",[4C] Praderas,[4C] Praderas:NF3,NF3,0,0,0,0,0,0,0,0,0,0,0,0,0,0,0,0,0,0,0,0,0,0,0,0,0,0,0,0,0,0,0,0,0,0,MEX
"[4] Uso de la tierra, cambios de uso de la tierra y silvicultura (UTCUTS)",[4C] Praderas,[4C] Praderas:PFCS,PFCS,0,0,0,0,0,0,0,0,0,0,0,0,0,0,0,0,0,0,0,0,0,0,0,0,0,0,0,0,0,0,0,0,0,0,MEX
"[4] Uso de la tierra, cambios de uso de la tierra y silvicultura (UTCUTS)",[4C] Praderas,[4C] Praderas:SF6,SF6,0,0,0,0,0,0,0,0,0,0,0,0,0,0,0,0,0,0,0,0,0,0,0,0,0,0,0,0,0,0,0,0,0,0,MEX
"[4] Uso de la tierra, cambios de uso de la tierra y silvicultura (UTCUTS)",[4D] Humedales,[4D] Humedales:CH4,CH4,0,0,0,0,0,0,0,0,0,0,0,0,0,0,0,0,0,0,0,0,0,0,0,0,0,0,0,0,0,0,0,0,0,0,MEX
"[4] Uso de la tierra, cambios de uso de la tierra y silvicultura (UTCUTS)",[4D] Humedales,[4D] Humedales:CO2,CO2,0,0,0,0,0,0,0,0,0,0,0,0,0,0,0.8044135679,0.0796524109,0.1922737201,0.0810187544,0.0810187544,0.0810187544,0.4150074001,0.0818297035,0.2870921398,0.2676687933,0.0828416631,0.0828416631,0.0828416631,0.0828416631,0.1983408,0.1690744332,0.1002224153,0.175411023,0.1024852624,0.1024852624,MEX
"[4] Uso de la tierra, cambios de uso de la tierra y silvicultura (UTCUTS)",[4D] Humedales,[4D] Humedales:HFCS,HFCS,0,0,0,0,0,0,0,0,0,0,0,0,0,0,0,0,0,0,0,0,0,0,0,0,0,0,0,0,0,0,0,0,0,0,MEX
"[4] Uso de la tierra, cambios de uso de la tierra y silvicultura (UTCUTS)",[4D] Humedales,[4D] Humedales:N2O,N2O,0,0,0,0,0,0,0,0,0,0,0,0,0,0,0,0,0,0,0,0,0,0,0,0,0,0,0,0,0,0,0,0,0,0,MEX
"[4] Uso de la tierra, cambios de uso de la tierra y silvicultura (UTCUTS)",[4D] Humedales,[4D] Humedales:NF3,NF3,0,0,0,0,0,0,0,0,0,0,0,0,0,0,0,0,0,0,0,0,0,0,0,0,0,0,0,0,0,0,0,0,0,0,MEX
"[4] Uso de la tierra, cambios de uso de la tierra y silvicultura (UTCUTS)",[4D] Humedales,[4D] Humedales:PFCS,PFCS,0,0,0,0,0,0,0,0,0,0,0,0,0,0,0,0,0,0,0,0,0,0,0,0,0,0,0,0,0,0,0,0,0,0,MEX
"[4] Uso de la tierra, cambios de uso de la tierra y silvicultura (UTCUTS)",[4D] Humedales,[4D] Humedales:SF6,SF6,0,0,0,0,0,0,0,0,0,0,0,0,0,0,0,0,0,0,0,0,0,0,0,0,0,0,0,0,0,0,0,0,0,0,MEX
"[4] Uso de la tierra, cambios de uso de la tierra y silvicultura (UTCUTS)",[4E] Asentamientos,[4E] Asentamientos:CH4,CH4,0,0,0,0,0,0,0,0,0,0,0,0,0,0,0,0,0,0,0,0,0,0,0,0,0,0,0,0,0,0,0,0,0,0,MEX
"[4] Uso de la tierra, cambios de uso de la tierra y silvicultura (UTCUTS)",[4E] Asentamientos,[4E] Asentamientos:CO2,CO2,0.0686237992,0.068412511,0.0682012228,0.0679899345,0.0677786463,0.0675673581,0.0673560699,0.0671447816,0.0669334934,0.0667222052,0.0682879437,0.0683996277,0.2715723276,0.1538767486,0.531860246,0.8561400751,0.4238126013,0.4646304629,0.3095197404,0.6631762991,1.8689211083,2.834807964,1.5569199197,0.2769312325,0.2069752651,1.1333701501,0.363729152,0.7747899485,0.322989447,0.1467241523,0.7403136394,0.276893991,0.3574791247,0.6094454278,MEX
"[4] Uso de la tierra, cambios de uso de la tierra y silvicultura (UTCUTS)",[4E] Asentamientos,[4E] Asentamientos:HFCS,HFCS,0,0,0,0,0,0,0,0,0,0,0,0,0,0,0,0,0,0,0,0,0,0,0,0,0,0,0,0,0,0,0,0,0,0,MEX
"[4] Uso de la tierra, cambios de uso de la tierra y silvicultura (UTCUTS)",[4E] Asentamientos,[4E] Asentamientos:N2O,N2O,0,0,0,0,0,0,0,0,0,0,0,0,0,0,0,0,0,0,0,0,0,0,0,0,0,0,0,0,0,0,0,0,0,0,MEX
"[4] Uso de la tierra, cambios de uso de la tierra y silvicultura (UTCUTS)",[4E] Asentamientos,[4E] Asentamientos:NF3,NF3,0,0,0,0,0,0,0,0,0,0,0,0,0,0,0,0,0,0,0,0,0,0,0,0,0,0,0,0,0,0,0,0,0,0,MEX
"[4] Uso de la tierra, cambios de uso de la tierra y silvicultura (UTCUTS)",[4E] Asentamientos,[4E] Asentamientos:PFCS,PFCS,0,0,0,0,0,0,0,0,0,0,0,0,0,0,0,0,0,0,0,0,0,0,0,0,0,0,0,0,0,0,0,0,0,0,MEX
"[4] Uso de la tierra, cambios de uso de la tierra y silvicultura (UTCUTS)",[4E] Asentamientos,[4E] Asentamientos:SF6,SF6,0,0,0,0,0,0,0,0,0,0,0,0,0,0,0,0,0,0,0,0,0,0,0,0,0,0,0,0,0,0,0,0,0,0,MEX
"[4] Uso de la tierra, cambios de uso de la tierra y silvicultura (UTCUTS)",[4F] Otras tierras,[4F] Otras tierras:CH4,CH4,0,0,0,0,0,0,0,0,0,0,0,0,0,0,0,0,0,0,0,0,0,0,0,0,0,0,0,0,0,0,0,0,0,0,MEX
"[4] Uso de la tierra, cambios de uso de la tierra y silvicultura (UTCUTS)",[4F] Otras tierras,[4F] Otras tierras:CO2,CO2,0.0686237992,0.068412511,0.0682012228,0.0679899345,0.0677786463,0.0675673581,0.0673560699,0.0671447816,0.0669334934,0.0667222052,0.0682879437,0.0683996277,0.000223368,0.000223368,0.7326724757,0.0212660304,0.0903790222,0.0894027647,0.1248699748,0.0218773179,0.0218773179,0.1780340106,0.0914657912,0.4988567396,0.6379932856,0.1311217766,0.5446147011,0.1585713983,0.0850881799,0.9522642532,0.3923617327,0.7347140622,2.5045820444,0.8776992385,MEX
"[4] Uso de la tierra, cambios de uso de la tierra y silvicultura (UTCUTS)",[4F] Otras tierras,[4F] Otras tierras:HFCS,HFCS,0,0,0,0,0,0,0,0,0,0,0,0,0,0,0,0,0,0,0,0,0,0,0,0,0,0,0,0,0,0,0,0,0,0,MEX
"[4] Uso de la tierra, cambios de uso de la tierra y silvicultura (UTCUTS)",[4F] Otras tierras,[4F] Otras tierras:N2O,N2O,0,0,0,0,0,0,0,0,0,0,0,0,0,0,0,0,0,0,0,0,0,0,0,0,0,0,0,0,0,0,0,0,0,0,MEX
"[4] Uso de la tierra, cambios de uso de la tierra y silvicultura (UTCUTS)",[4F] Otras tierras,[4F] Otras tierras:NF3,NF3,0,0,0,0,0,0,0,0,0,0,0,0,0,0,0,0,0,0,0,0,0,0,0,0,0,0,0,0,0,0,0,0,0,0,MEX
"[4] Uso de la tierra, cambios de uso de la tierra y silvicultura (UTCUTS)",[4F] Otras tierras,[4F] Otras tierras:PFCS,PFCS,0,0,0,0,0,0,0,0,0,0,0,0,0,0,0,0,0,0,0,0,0,0,0,0,0,0,0,0,0,0,0,0,0,0,MEX
"[4] Uso de la tierra, cambios de uso de la tierra y silvicultura (UTCUTS)",[4F] Otras tierras,[4F] Otras tierras:SF6,SF6,0,0,0,0,0,0,0,0,0,0,0,0,0,0,0,0,0,0,0,0,0,0,0,0,0,0,0,0,0,0,0,0,0,0,MEX
"[4] Uso de la tierra, cambios de uso de la tierra y silvicultura (UTCUTS)",[4G] Productos de madera recolectada,[4G] Productos de madera recolectada:CH4,CH4,0,0,0,0,0,0,0,0,0,0,0,0,0,0,0,0,0,0,0,0,0,0,0,0,0,0,0,0,0,0,0,0,0,0,MEX
"[4] Uso de la tierra, cambios de uso de la tierra y silvicultura (UTCUTS)",[4G] Productos de madera recolectada,[4G] Productos de madera recolectada:CO2,CO2,0.5007470452,-0.1514875002,0.1726551611,-0.1402950048,-0.3969510525,0.1994541667,0.0435139095,-1.2857820172,-2.127997259,-2.8742334652,-3.8567486237,-2.0165877389,-2.228256571,-3.1477496912,-5.1396586091,-5.1813011559,-5.7637821486,-5.7804129929,-2.6178820551,-0.0411433427,-1.5762772177,-1.5665656294,-1.8610561331,-2.1839434781,-2.0263495086,-2.8880244973,-3.6357452633,-4.1156572707,-3.8994236388,-2.8098389481,-1.9161365937,-4.2942170037,-3.6055073179,-6.8550604387,MEX
"[4] Uso de la tierra, cambios de uso de la tierra y silvicultura (UTCUTS)",[4G] Productos de madera recolectada,[4G] Productos de madera recolectada:HFCS,HFCS,0,0,0,0,0,0,0,0,0,0,0,0,0,0,0,0,0,0,0,0,0,0,0,0,0,0,0,0,0,0,0,0,0,0,MEX
"[4] Uso de la tierra, cambios de uso de la tierra y silvicultura (UTCUTS)",[4G] Productos de madera recolectada,[4G] Productos de madera recolectada:N2O,N2O,0,0,0,0,0,0,0,0,0,0,0,0,0,0,0,0,0,0,0,0,0,0,0,0,0,0,0,0,0,0,0,0,0,0,MEX
"[4] Uso de la tierra, cambios de uso de la tierra y silvicultura (UTCUTS)",[4G] Productos de madera recolectada,[4G] Productos de madera recolectada:NF3,NF3,0,0,0,0,0,0,0,0,0,0,0,0,0,0,0,0,0,0,0,0,0,0,0,0,0,0,0,0,0,0,0,0,0,0,MEX
"[4] Uso de la tierra, cambios de uso de la tierra y silvicultura (UTCUTS)",[4G] Productos de madera recolectada,[4G] Productos de madera recolectada:PFCS,PFCS,0,0,0,0,0,0,0,0,0,0,0,0,0,0,0,0,0,0,0,0,0,0,0,0,0,0,0,0,0,0,0,0,0,0,MEX
"[4] Uso de la tierra, cambios de uso de la tierra y silvicultura (UTCUTS)",[4G] Productos de madera recolectada,[4G] Productos de madera recolectada:SF6,SF6,0,0,0,0,0,0,0,0,0,0,0,0,0,0,0,0,0,0,0,0,0,0,0,0,0,0,0,0,0,0,0,0,0,0,MEX
[5] Residuos,[5A] Eliminación de residuos sólidos,[5A] Eliminación de residuos sólidos:CH4,CH4,0.875019841331045,1.33385841295107,1.78204385521113,2.20502562931836,2.68859380834954,3.18689761009449,3.70398920218104,4.25331069879181,4.84375962537663,5.45420270823915,6.06455465537967,6.72111531705944,7.3967987330303,8.16260856557437,8.96295895687109,9.77914197359335,9.82661658831074,10.7444111138127,11.7120134221526,12.7174640528582,13.9534486735785,15.3123012777103,16.7912862551231,18.2353741982478,19.6424600858953,22.5376851391111,22.5376851391111,23.9442108472952,25.5597372957241,27.2103814494422,28.8263327745613,30.8236423137008,32.7751118495351,34.47101742,MEX
[5] Residuos,[5A] Eliminación de residuos sólidos,[5A] Eliminación de residuos sólidos:CO2,CO2,0,0,0,0,0,0,0,0,0,0,0,0,0,0,0,0,0,0,0,0,0,0,0,0,0,0,0,0,0,0,0,0,0,0,MEX
[5] Residuos,[5A] Eliminación de residuos sólidos,[5A] Eliminación de residuos sólidos:HFCS,HFCS,0,0,0,0,0,0,0,0,0,0,0,0,0,0,0,0,0,0,0,0,0,0,0,0,0,0,0,0,0,0,0,0,0,0,MEX
[5] Residuos,[5A] Eliminación de residuos sólidos,[5A] Eliminación de residuos sólidos:N2O,N2O,0,0,0,0,0,0,0,0,0,0,0,0,0,0,0,0,0,0,0,0,0,0,0,0,0,0,0,0,0,0,0,0,0,0,MEX
[5] Residuos,[5A] Eliminación de residuos sólidos,[5A] Eliminación de residuos sólidos:NF3,NF3,0,0,0,0,0,0,0,0,0,0,0,0,0,0,0,0,0,0,0,0,0,0,0,0,0,0,0,0,0,0,0,0,0,0,MEX
[5] Residuos,[5A] Eliminación de residuos sólidos,[5A] Eliminación de residuos sólidos:PFCS,PFCS,0,0,0,0,0,0,0,0,0,0,0,0,0,0,0,0,0,0,0,0,0,0,0,0,0,0,0,0,0,0,0,0,0,0,MEX
[5] Residuos,[5A] Eliminación de residuos sólidos,[5A] Eliminación de residuos sólidos:SF6,SF6,0,0,0,0,0,0,0,0,0,0,0,0,0,0,0,0,0,0,0,0,0,0,0,0,0,0,0,0,0,0,0,0,0,0,MEX
[5] Residuos,[5B] Tratamiento biológico de los residuos sólidos,[5B] Tratamiento biológico de los residuos sólidos:CH4,CH4,0.0938989,0.09435662,0.09480701,0.09524268,0.096304355,0.096585474,0.097119974,0.097635054,0.098088459,0.098710844,0.098854393,0.098443221,0.101000794,0.101223398,0.102335438,0.103509065,0.104770765,0.117840401,0.119854221,0.120002034,0.130756153,0.134247428,0.126191219,0.125579532,0.126563956,0.126389724,0.092796007,0.096080795,0.097832372,0.090969303,0.108304448,0.117986254,0.106990957,0.0984847875,MEX
[5] Residuos,[5B] Tratamiento biológico de los residuos sólidos,[5B] Tratamiento biológico de los residuos sólidos:CO2,CO2,0,0,0,0,0,0,0,0,0,0,0,0,0,0,0,0,0,0,0,0,0,0,0,0,0,0,0,0,0,0,0,0,0,0,MEX
[5] Residuos,[5B] Tratamiento biológico de los residuos sólidos,[5B] Tratamiento biológico de los residuos sólidos:HFCS,HFCS,0,0,0,0,0,0,0,0,0,0,0,0,0,0,0,0,0,0,0,0,0,0,0,0,0,0,0,0,0,0,0,0,0,0,MEX
[5] Residuos,[5B] Tratamiento biológico de los residuos sólidos,[5B] Tratamiento biológico de los residuos sólidos:N2O,N2O,0.06665145,0.06697635,0.06729604,0.06760529,0.068358895,0.068558439,0.068937838,0.069303454,0.06962529,0.070067073,0.070168966,0.069877108,0.071692528,0.071850537,0.072639887,0.073472952,0.074368534,0.083645641,0.085075094,0.085180015,0.092813519,0.095291701,0.089573232,0.089139043,0.089837808,0.089714134,0.065868595,0.068200207,0.069443514,0.064571961,0.076876818,0.083749172,0.075944474,0.0699066126,MEX
[5] Residuos,[5B] Tratamiento biológico de los residuos sólidos,[5B] Tratamiento biológico de los residuos sólidos:NF3,NF3,0,0,0,0,0,0,0,0,0,0,0,0,0,0,0,0,0,0,0,0,0,0,0,0,0,0,0,0,0,0,0,0,0,0,MEX
[5] Residuos,[5B] Tratamiento biológico de los residuos sólidos,[5B] Tratamiento biológico de los residuos sólidos:PFCS,PFCS,0,0,0,0,0,0,0,0,0,0,0,0,0,0,0,0,0,0,0,0,0,0,0,0,0,0,0,0,0,0,0,0,0,0,MEX
[5] Residuos,[5B] Tratamiento biológico de los residuos sólidos,[5B] Tratamiento biológico de los residuos sólidos:SF6,SF6,0,0,0,0,0,0,0,0,0,0,0,0,0,0,0,0,0,0,0,0,0,0,0,0,0,0,0,0,0,0,0,0,0,0,MEX
[5] Residuos,[5C] Incineración y quema a cielo abierto de residuos,[5C] Incineración y quema a cielo abierto de residuos:CH4,CH4,0.820859493,0.850850034,0.881998456,0.914352557,0.9479623,0.982879659,1.020591405,1.059811695,1.100570375,1.111007995,1.094559655,1.078491582,1.057327081,1.034959071,1.043313321,1.016315091,1.067016269,0.96579253,0.9351340389,0.902189929,0.90254305,0.887870737,0.873633308,0.88767105,0.904771423,0.92512407,0.893275838,0.862954448,0.834093013,0.806657185,0.786935996,0.754496095,0.774499329,0.78025972148596,MEX
[5] Residuos,[5C] Incineración y quema a cielo abierto de residuos,[5C] Incineración y quema a cielo abierto de residuos:CO2,CO2,0.355451621,0.368437116,0.381926242,0.395950335,0.41055949,0.425679841,0.442009547,0.458992843,0.476642379,0.481163118,0.474041497,0.471734672,0.484936285,0.633561999,0.637939743,0.621320702,0.685585386,0.58536098,0.981917705,0.944221144,0.925929336,0.935121006,0.968738749,1.07758142,1.269937473,1.434965089,1.483393884,1.50061382,1.545482168,1.624456074,1.683191986,1.734239216,1.922233619,2.07769722602,MEX
[5] Residuos,[5C] Incineración y quema a cielo abierto de residuos,[5C] Incineración y quema a cielo abierto de residuos:HFCS,HFCS,0,0,0,0,0,0,0,0,0,0,0,0,0,0,0,0,0,0,0,0,0,0,0,0,0,0,0,0,0,0,0,0,0,0,MEX
[5] Residuos,[5C] Incineración y quema a cielo abierto de residuos,[5C] Incineración y quema a cielo abierto de residuos:N2O,N2O,0.179281125,0.185831257,0.192634278,0.199701129,0.207043476,0.214669657,0.222906151,0.231472122,0.240374087,0.24265373,0.239061306,0.235699194,0.231691513,0.226806194,0.228630817,0.222734226,0.217581309,0.211699765,0.205693851,0.199049053,0.197864468,0.197378379,0.196734684,0.201055813,0.199583566,0.210418468,0.198180984,0.190999596,0.183519426,0.178263869,0.172875582,0.165540636,0.170350316,0.172214119652,MEX
[5] Residuos,[5C] Incineración y quema a cielo abierto de residuos,[5C] Incineración y quema a cielo abierto de residuos:NF3,NF3,0,0,0,0,0,0,0,0,0,0,0,0,0,0,0,0,0,0,0,0,0,0,0,0,0,0,0,0,0,0,0,0,0,0,MEX
[5] Residuos,[5C] Incineración y quema a cielo abierto de residuos,[5C] Incineración y quema a cielo abierto de residuos:PFCS,PFCS,0,0,0,0,0,0,0,0,0,0,0,0,0,0,0,0,0,0,0,0,0,0,0,0,0,0,0,0,0,0,0,0,0,0,MEX
[5] Residuos,[5C] Incineración y quema a cielo abierto de residuos,[5C] Incineración y quema a cielo abierto de residuos:SF6,SF6,0,0,0,0,0,0,0,0,0,0,0,0,0,0,0,0,0,0,0,0,0,0,0,0,0,0,0,0,0,0,0,0,0,0,MEX
[5] Residuos,[5D] Tratamiento y eliminación de aguas residuales,[5D] Tratamiento y eliminación de aguas residuales:CH4,CH4,9.877340649,10.545705062,11.254970621,12.211629851,12.920004151,13.881321466,14.414315011,15.348892011,15.78602836,15.17663396,15.433704755,16.078150293,16.233670285,16.360145234,15.897265963,16.932293614,17.672056013,18.643347566,19.453966456,20.331422616,21.243669443,21.368058831,20.940904292,20.895332117,21.224618398,21.284315269,21.234926691,20.89263637,20.91596027,20.597214694,23.113853125,23.135020916,23.155161913,23.61854853,MEX
[5] Residuos,[5D] Tratamiento y eliminación de aguas residuales,[5D] Tratamiento y eliminación de aguas residuales:CO2,CO2,0,0,0,0,0,0,0,0,0,0,0,0,0,0,0,0,0,0,0,0,0,0,0,0,0,0,0,0,0,0,0,0,0,0,MEX
[5] Residuos,[5D] Tratamiento y eliminación de aguas residuales,[5D] Tratamiento y eliminación de aguas residuales:HFCS,HFCS,0,0,0,0,0,0,0,0,0,0,0,0,0,0,0,0,0,0,0,0,0,0,0,0,0,0,0,0,0,0,0,0,0,0,MEX
[5] Residuos,[5D] Tratamiento y eliminación de aguas residuales,[5D] Tratamiento y eliminación de aguas residuales:N2O,N2O,4.226642122,4.383966235,4.539435322,4.704495813,4.830831939,4.901569546,4.994028027,5.20522454,5.302032251,5.237301809,5.450438663,5.458291946,5.372260504,5.302846206,5.198744326,4.807082219,4.951471145,4.988721448,5.049250566,5.152124154,5.156087158,5.191892926,5.19207927,5.185839659,5.292760742,5.016438053,4.617121105,4.533488075,4.520671257,5.019450984,6.044119064,5.520614292,5.756801411,6.88025269,MEX
[5] Residuos,[5D] Tratamiento y eliminación de aguas residuales,[5D] Tratamiento y eliminación de aguas residuales:NF3,NF3,0,0,0,0,0,0,0,0,0,0,0,0,0,0,0,0,0,0,0,0,0,0,0,0,0,0,0,0,0,0,0,0,0,0,MEX
[5] Residuos,[5D] Tratamiento y eliminación de aguas residuales,[5D] Tratamiento y eliminación de aguas residuales:PFCS,PFCS,0,0,0,0,0,0,0,0,0,0,0,0,0,0,0,0,0,0,0,0,0,0,0,0,0,0,0,0,0,0,0,0,0,0,MEX
[5] Residuos,[5D] Tratamiento y eliminación de aguas residuales,[5D] Tratamiento y eliminación de aguas residuales:SF6,SF6,0,0,0,0,0,0,0,0,0,0,0,0,0,0,0,0,0,0,0,0,0,0,0,0,0,0,0,0,0,0,0,0,0,0,MEX
[6] CCSQ,[6] CCSQ,[6] CCSQ:CH4,CH4,0,0,0,0,0,0,0,0,0,0,0,0,0,0,0,0,0,0,0,0,0,0,0,0,0,0,0,0,0,0,0,0,0,0,MEX
[6] CCSQ,[6] CCSQ,[6] CCSQ:CO2,CO2,0,0,0,0,0,0,0,0,0,0,0,0,0,0,0,0,0,0,0,0,0,0,0,0,0,0,0,0,0,0,0,0,0,0,MEX
[6] CCSQ,[6] CCSQ,[6] CCSQ:HFCS,HFCS,0,0,0,0,0,0,0,0,0,0,0,0,0,0,0,0,0,0,0,0,0,0,0,0,0,0,0,0,0,0,0,0,0,0,MEX
[6] CCSQ,[6] CCSQ,[6] CCSQ:N2O,N2O,0,0,0,0,0,0,0,0,0,0,0,0,0,0,0,0,0,0,0,0,0,0,0,0,0,0,0,0,0,0,0,0,0,0,MEX
[6] CCSQ,[6] CCSQ,[6] CCSQ:NF3,NF3,0,0,0,0,0,0,0,0,0,0,0,0,0,0,0,0,0,0,0,0,0,0,0,0,0,0,0,0,0,0,0,0,0,0,MEX
[6] CCSQ,[6] CCSQ,[6] CCSQ:PFCS,PFCS,0,0,0,0,0,0,0,0,0,0,0,0,0,0,0,0,0,0,0,0,0,0,0,0,0,0,0,0,0,0,0,0,0,0,MEX
[6] CCSQ,[6] CCSQ,[6] CCSQ:SF6,SF6,0,0,0,0,0,0,0,0,0,0,0,0,0,0,0,0,0,0,0,0,0,0,0,0,0,0,0,0,0,0,0,0,0,0,MEX
