strategy_id,time_period,nemomod_entc_discounted_capital_investment_fp_ammonia_production,nemomod_entc_discounted_capital_investment_fp_hydrogen_electrolysis,nemomod_entc_discounted_capital_investment_fp_hydrogen_gasification,nemomod_entc_discounted_capital_investment_fp_hydrogen_reformation,nemomod_entc_discounted_capital_investment_fp_hydrogen_reformation_ccs,nemomod_entc_discounted_capital_investment_fp_natural_gas_liquefaction,nemomod_entc_discounted_capital_investment_pp_biogas,nemomod_entc_discounted_capital_investment_pp_biomass,nemomod_entc_discounted_capital_investment_pp_coal,nemomod_entc_discounted_capital_investment_pp_coal_ccs,nemomod_entc_discounted_capital_investment_pp_gas,nemomod_entc_discounted_capital_investment_pp_gas_ccs,nemomod_entc_discounted_capital_investment_pp_geothermal,nemomod_entc_discounted_capital_investment_pp_hydropower,nemomod_entc_discounted_capital_investment_pp_nuclear,nemomod_entc_discounted_capital_investment_pp_ocean,nemomod_entc_discounted_capital_investment_pp_oil,nemomod_entc_discounted_capital_investment_pp_solar,nemomod_entc_discounted_capital_investment_pp_waste_incineration,nemomod_entc_discounted_capital_investment_pp_wind,nemomod_entc_discounted_operating_costs_fp_ammonia_production,nemomod_entc_discounted_operating_costs_fp_hydrogen_electrolysis,nemomod_entc_discounted_operating_costs_fp_hydrogen_gasification,nemomod_entc_discounted_operating_costs_fp_hydrogen_reformation,nemomod_entc_discounted_operating_costs_fp_hydrogen_reformation_ccs,nemomod_entc_discounted_operating_costs_fp_natural_gas_liquefaction,nemomod_entc_discounted_operating_costs_pp_biogas,nemomod_entc_discounted_operating_costs_pp_biomass,nemomod_entc_discounted_operating_costs_pp_coal,nemomod_entc_discounted_operating_costs_pp_coal_ccs,nemomod_entc_discounted_operating_costs_pp_gas,nemomod_entc_discounted_operating_costs_pp_gas_ccs,nemomod_entc_discounted_operating_costs_pp_geothermal,nemomod_entc_discounted_operating_costs_pp_hydropower,nemomod_entc_discounted_operating_costs_pp_nuclear,nemomod_entc_discounted_operating_costs_pp_ocean,nemomod_entc_discounted_operating_costs_pp_oil,nemomod_entc_discounted_operating_costs_pp_solar,nemomod_entc_discounted_operating_costs_pp_waste_incineration,nemomod_entc_discounted_operating_costs_pp_wind
0,8,0,0,0,0,0,0,0.0553244572402161,0,0,0,1968.1354733066,0,0,0,0,0,0,0,51.3702886944228,0,0,0,0,0,0,0,0.844609111641279,19.1775001873774,814.128693788202,0,3116.67367084265,0,204.836243763301,925.728105933673,223.902458827964,0,1772.6743159532,111.453737883367,0.001,287.673332343138
0,9,0,0,0,0,0,0,0.0481266124432683,0,0,0,0,0,0,0,0,0,0,837.519583549649,40.4546794417683,1081.95390043055,0,0,0,0,0,0,0.854192392580869,17.8030620313161,631.008285937834,0,2962.89615439278,0,202.012622293767,910.69299848526,222.434148248494,0,2527.21840586154,119.899179651987,0.001,352.090855952323
0,10,0,0,0,0,0,0,0.0407145837518571,0,0,0,2510.69630816524,0,0,0,5595.30869771788,0,0,68.9825262803064,27.9242179377254,107.175275974531,0,0,0,0,0,0,0.862299742644047,16.912008990252,632.97299061853,0,3389.1000984083,0,197.622223215753,890.983658063867,120.572740913239,0,2544.55952710206,118.045282651776,0.001,346.646780586435
0,11,0,0,0,0,0,0,0.0414208879309458,0,0,0,512.858758555467,0,393.137561491741,0,0,0,0,201.07688601726,34.6050529805,1081.62198071302,0,0,0,0,0,0,0.870547736543004,75.2591904257914,635.688648579133,0,3684.49158881271,0,87.1188446855623,865.812938291334,114.805833393649,0,2568.52880574494,117.868759748322,0.001,411.481511953471
0,12,0,0,0,0,0,0,0.0426850309583005,0,0,0,1132.12092441576,0,0,0,0,0,0,0,36.9449726284558,0,0,0,0,0,0,0,0.879047454740927,187.7235311137,638.699900322196,0,4103.43619984149,0,70.4771981035917,846.734846288959,114.805833393649,0,2595.10709105939,115.176633553381,0.001,392.847257768844
0,13,0,0,0,0,0,0,0.0429592418033802,0,0,0,2178.54239577756,0,1596.0455651299,0,0,0,0,97.3112204898878,37.6368835955933,723.054298577495,0,0,0,0,0,0,0.887601775567868,12.3744733265018,641.797724132351,0,4258.94368079164,0,69.7729149025577,828.092498548923,114.805833393649,0,2583.14884505169,113.847379282185,0.001,427.121815114989
0,14,0,0,0,0,0,0,0.0431914396935808,0,0,0,1624.21862749933,0,41.7937157272545,0,0,0,0,166.444683468891,38.2680629198133,149.024144903715,0,0,0,38.5376900849216,0,0,0.896202333133743,10.4233230922928,647.427758234342,0,4119.53077171938,0,69.7070709260888,809.875942641916,114.805833393649,0,2632.84135350355,113.558236655369,0.001,426.935569755068
0,15,0,0,0,0,0,0,0.0443594595102128,0,0,0,670.168875743248,0,43.8851916979517,0,0,0,0,526.144493975872,40.5575195239442,0,0,0,0,77.1437713232833,0,0,0.905035474325965,8.24315052693025,653.425213123191,0,4058.7110870563,0,69.7054783731132,792.075453438003,114.805833393649,0,2685.77683708229,118.579663498328,0.001,412.025987642049
0,16,0,0,0,0,0,0,0.0411595899531831,0,0,0,700.781734800457,0,105.296922926287,0,0,0,0,362.294115554036,41.6320122563311,104.532973161169,0,0,0,115.866879179913,0,0,0.913231436889186,7.62846962346627,659.69662767782,0,4118.07901265346,0,69.7411008235208,774.681528055523,114.805833393649,0,2729.28339710752,121.074974797501,0.001,403.716195015012
0,17,0,0,0,0,0,0,0.0421761186414403,0,0,0,1447.6031787742,0,48.2180308352089,0,0,0,0,85.900110232802,43.8022072934328,209.549141209785,0,0,0,154.755058723065,0,0,0.921629817189874,6.96430689555285,666.353005085779,0,4173.71085310896,0,69.8373434945109,757.684880304883,114.805833393649,0,2736.63255650004,119.534308583914,0.001,405.949471108719
0,18,0,0,0,0,0,0,0.0432198147291463,0,0,0,2391.17690109894,0,50.9503982177391,0,0,0,0,90.0289373652559,46.0813087631242,335.749482695244,0,0,0,193.855796049236,0,0,0.930236024975528,4.38023132703945,673.422403566649,0,4305.69171506215,0,69.9963533839315,741.076436647682,114.805833393649,0,2793.52198477146,118.079569952264,0.001,408.55489758353
0,19,0,0,0,0,0,0,0.0442923355988376,0,0,0,835.737226927874,0,53.6290279362118,0,0,0,0,93.9143483584751,48.4771903418114,290.751838811771,0,0,0,233.216038583501,0,0,0.93905580002233,4.23209472400168,680.901557700557,0,4453.28448117109,0,70.2128518276531,724.847330135394,114.805833393649,0,2859.53542683572,116.705055563307,0.001,411.493334960976
0,20,0,0,0,0,0,0,0.0453952937164606,0,0,0,1752.49573971946,0,56.6641147624385,0,0,0,0,98.38504756378,50.9982924522851,2194.27068446458,0,0,0,272.882202051266,0,0,0.948095203191063,4.13543354585582,688.844652173839,0,4668.71906929412,0,70.4945804881366,708.170269411722,114.805833393649,0,2929.64375692698,115.415770578709,0.001,414.819868964438
0,21,0,0,0,0,0,0,0.0422852303829668,0,0,0,1109.27075165155,0,59.5863861064408,0,0,0,841.311948454123,453.03994522988,52.6530165577576,0,0,0,0,312.900164308755,0,0,0.956515310524255,3.54003215250977,697.240590258438,0,4828.35676238182,0,70.8343192684426,692.692740991814,114.805833393649,0,2996.69254033139,119.077069931835,0.001,405.345370064581
0,22,0,0,0,0,0,0,0.859081396278734,0,0,0,1007.26476310406,0,63.2113863163399,0,0,0,338.574902035257,97.116950281557,55.4481614998482,255.775744418791,0,0,0,353.315244519153,0,0,0.965162574266552,3.45917770532139,706.188443588022,0,5031.99236392617,0,71.2486930171831,666.104374846611,114.805833393649,0,3079.05494724602,117.699173672581,0.001,410.07481065248
0,23,0,0,0,0,0,0,0.881211622885984,0,0,0,1059.60542217495,0,67.0714571725552,0,0,0,374.030055252166,0,58.3974213528807,409.083038024186,0,0,0,394.172165358582,0,0,0.974044001319952,4.83969404850054,619.208774634322,0,5257.43693199514,0,71.7401991691557,651.587632884799,114.805833393649,0,3166.98356029143,115.010920821307,0.001,418.453860217151
0,24,0,0,0,0,0,0,0.891174552527004,0,0,0,1514.42314838185,0,70.9513795654071,209.527491160039,0,0,565.288087278707,241.660424353751,61.3265466984793,461.983641703435,0,0,0,435.488351821094,0,0,0.983148446727976,3.66460834782188,629.351814885945,0,5391.79646287819,0,72.305990938523,640.660999503313,114.805833393649,0,3262.1622067813,115.688821690784,0.001,432.372865671036
0,25,0,0,0,0,0,0,0.84707020829003,0,5005.88727329534,0,15324.3923357654,0,74.6927953439724,7669.03339854424,0,0,103.237396804331,250.954837892499,64.0500737997998,2292.89527012703,0,0,0,477.243282436097,0,0,0.99244686729158,2.26320982674531,498.598078717311,0,5603.82135246213,0,72.9377273391645,745.993254941484,114.805833393649,0,3357.93842664677,116.463979333774,0.001,505.648385500157
0,26,0,0,0,0,0,0,0.871164884566087,0,403.419829478459,0,1323.16975994032,0,76.951207585081,840.331401786707,0,0,3289.43632224058,255.003505114859,64.50254421436,350.870384336431,0,0,0,519.23399199054,0,0,1.00093281065749,2.23339276542694,513.745793595987,0,5821.13838506798,0,73.5888426022443,742.264479382692,114.805833393649,0,3457.10389237557,117.261371696154,0.001,511.882465331377
0,27,0,0,0,0,0,0,0.102420482384552,0,418.025245009845,0,1815.68192921113,0,79.3425975238224,828.910792821939,0,0,112.2700389299,342.445332207212,492.44719710951,671.150275478601,0,0,0,561.386938450028,0,0,1.00945818765396,1.83795168143306,529.44191649526,0,6047.49901687648,0,74.2613984046524,738.899357307108,114.805833393649,0,3559.86940331616,118.083897695685,0.001,518.269151906809
0,28,0,0,0,0,0,0,0.438952206807252,0,1399.34176009839,0,1287.28173141977,0,99.0744069228805,780.927557406107,0,0,118.02033200619,305.2671506637,507.515147772553,169.619640563952,0,0,0,603.580289294336,0,0,1.02139123985962,1.81421237187101,555.298002093301,0,6281.85103224746,0,75.3815682040989,734.864865605484,114.805833393649,0,3665.753364913,118.910696449303,0.001,514.691213795944
0,29,0,0,0,0,0,0,0.0938311597030963,0,8746.51502181447,0,1360.40250759053,0,253.365399278946,930.394540376716,0,0,498.127031205201,737.065240888931,504.349066675956,1193.04126282917,0,0,0,645.768702418472,0,0,1.02995197744428,1.79101526833496,572.263443383801,0,6525.30375073281,0,80.1917836223168,733.136191595346,114.805833393649,0,3776.18387512389,121.166305772297,0.001,511.86476430629
0,30,0,0,0,0,0,0,0.0865001414072073,0,531.695071360136,0,4252.99921538713,0,91.3621203643098,1297.56961957323,1462.43874722098,0,1196.39664135703,1714.64829373496,416.011574465329,498.091583580556,0,0,0,687.908625704495,0,0,1.03852788876501,0,590.200283641166,0,6778.01744048664,0,80.9284919035415,736.185175919153,101.748318076148,0,3891.70236858185,124.809376958428,0.001,518.828906321667
0,31,0,0,0,0,0,0,0.0824614769340753,0,514.016186210158,0,1442.49221139515,0,93.432564300696,808.104756891602,0,0,1134.47073800061,391.780106723152,544.15867403388,1178.12099331808,0,0,0,729.899046339524,0,0,1.04621503881549,0,608.311806801621,0,7039.54726962114,0,81.6691842014228,732.635332739315,101.748318076148,0,4010.43812376341,125.858313756455,0.001,515.173943845216
0,32,0,0,0,0,0,0,0.0501276500197196,0,498.985822930075,0,1484.86808976752,0,95.6226030886595,730.81633281893,0,0,1783.04822866313,1155.36556671027,127.700095158644,215.085686375795,0,0,0,771.666994911207,0,0,1.05355382709547,0,626.644770963958,0,7310.3527320233,0,82.4160391367377,727.84050676731,101.748318076148,0,4132.57671222675,127.029267761004,0.001,513.075614540206
0,33,0,0,0,0,0,0,0,0,509.891576218188,0,3500.7692236496,0,0,793.853727893038,0,0,450.797941781123,401.973266113705,121.755529162019,906.884868108572,0,0,0,813.201103915209,0,0,1.06039893523864,0,645.514379489996,0,7591.47593329565,0,80.9581057192069,724.194960712617,101.748318076148,0,4258.62929584395,128.923482333553,0.001,511.603058321231
0,34,0,0,0,0,0,0,0,0,528.493788726833,0,1588.56408918903,0,0,799.796161597806,0,0,1661.73788918531,709.92328849268,112.26730705994,378.874805726579,0,0,0,854.512984954297,0,0,1.06728083134269,0,665.072545044264,0,7884.30741381131,0,79.5478722817526,720.789759943074,101.748318076148,0,4389.28192565958,130.835834890539,0.001,510.253871354072
0,35,0,0,0,0,0,0,0,0,550.250289267274,0,4160.96396000209,0,84.5112664174779,750.383670551041,0,0,485.411639413782,348.064273359201,101.368801915676,240.655612229292,0,0,0,895.585417986056,0,0,1.07420523327928,0,685.403098224747,0,8189.90135885881,0,80.0282449704087,716.693877214176,101.748318076148,0,4525.01322696999,132.196535959719,0.001,508.788570167073
0,36,0,0,0,0,0,0,0,0,624.258148827673,0,2384.32811579726,0,111.285181173507,808.338967298974,0,0,550.660661383358,363.653847409108,107.015248040052,398.110432155702,0,0,0,952.694626070966,0,0,1.07953702035826,0,708.466916196591,0,8532.45719201664,0,82.7514310534862,729.265066035187,101.748318076148,0,4678.98952683743,137.022029266009,0.001,521.467898147032
0,37,0,0,0,0,0,0,0.072710872990942,0,638.385322703686,0,3045.96827589359,0,113.802873410225,808.233234247303,0,0,1346.39013012115,2049.44628804276,110.505589328674,504.61903489936,0,0,0,1011.39832046502,0,0,1.0856172972466,0,732.052565978716,0,8885.62446747562,0,85.5362259185075,741.834610508703,101.748318076148,0,4836.44935371832,141.956199116477,0.001,534.434538815293
0,38,0,0,0,0,0,0,0.0737051860509204,0,660.526786567105,0,4123.98037995754,0,115.702069563521,822.065289339214,0,0,572.516281828475,378.283134743448,111.822995596424,621.642187919365,0,0,0,1071.5885494346,0,0,1.09168774066849,0,756.146702112765,0,9247.95925576421,0,88.3674947567853,754.619269412398,101.748318076148,0,4996.53694463132,146.975815291562,0.001,547.254789926065
0,39,0,0,0,0,0,0,0.0747376786074746,0,678.036935618426,0,3601.85520401132,0,117.627643940338,0,0,0,582.044397337271,838.961235816958,113.089583860527,817.605026832984,0,0,0,1133.27438551336,0,0,1.09775021339494,0,780.706998633199,0,9619.63910437154,0,91.245883052385,754.619269412398,101.748318076148,0,5159.28879698995,152.08075669278,0.001,570.143182397371
0,40,0,0,0,0,0,0,0.0756063454276652,0,685.668421686159,0,2670.08349182838,0,118.949677916166,0,5595.30869771788,0,1322.90305229116,426.456961605854,115.518921871948,2628.22992853231,0,0,0,1196.33403884054,0,0,1.10376603252974,0,805.543441168038,0,9999.20802365498,0,94.1566219672349,754.619269412398,101.748318076148,0,5323.86984078046,157.243146714962,0.001,592.672986027737
0,41,0,0,0,0,0,0,0.0722948040783277,0,693.723866262692,0,2724.21062032078,0,456.668664573935,0,1.14432537512421e-12,0,595.491820200959,502.67131282004,116.790040426925,524.505504818059,0,0,0,1260.77763486412,0,0,1.10974173206477,0,830.67139043368,0,10386.9336064021,0,97.1015118987102,754.619269412398,101.748318076148,0,5490.38187533555,162.466177581755,0.001,614.879578318485
0,42,0,0,0,0,0,0,0.889032534024362,0,704.274705422601,0,3501.82350347575,0,122.173978077102,0,0,0,604.540540457404,399.59855193701,119.495904623458,765.617893671989,0,0,0,1326.69532613936,0,0,1.11570579545724,0,856.181262721489,0,10784.0363833599,0,100.091150530785,754.619269412398,101.748318076148,0,5659.42412234476,167.7686380158,0.001,636.888178368618
0,43,0,0,0,0,0,0,0.911125538873772,0,715.20765335764,0,4477.30318171205,0,1526.44485977544,0,0,0,613.917290876889,464.793710905143,122.352006036923,910.145778317954,0,0,0,1394.10384303826,0,0,1.12166244701364,0,882.086899578945,0,11190.7961899007,0,103.127160073368,754.619269412398,101.748318076148,0,5831.08830593984,173.15340498991,0.001,658.724177777641
0,44,0,0,0,0,0,0,0.921182464512288,0,728.641404357,0,2961.06285062999,0,163.644870076409,0,0,0,625.441539231947,520.636784009585,125.651771636663,961.006742278125,0,0,0,1463.10471021786,0,0,1.12763781565826,0,908.478909456607,0,11608.4807817684,0,106.220160563262,754.619269412398,101.748318076148,0,6005.97491169974,178.639307904488,0.001,680.502809568585
0,45,0,0,0,0,0,0,0.877302551618808,0,641.506021707578,0,3928.25247235044,0,168.862256950543,0,0,0,639.230280073139,816.131167244885,129.413060119071,2753.62118736835,0,0,0,1533.8126860799,0,0,1.13365787451703,0,934.420775314053,0,12038.4898412003,0,109.381350611257,754.619269412398,101.748318076148,0,6184.71713933988,184.671722050821,0.001,702.983002832855
6003,8,0,0,0,0,0,0,0.0553244572402161,0,0,0,1968.13547330644,0,0,0,0,0,0,0,51.3702886944228,0,0,0,0,0,0,0,0.844609111641279,19.1775001873774,814.128693788203,0,3116.67367084265,0,204.836243763301,925.728105933673,223.902458827973,0,1772.6743159532,111.453737883367,0.001,287.673332343138
6003,9,0,0,0,0,0,0,0.0481266124432683,0,0,0,0,0,0,0,0,0,0,837.519583549646,40.4546794417684,1081.95390043054,0,0,0,0,0,0,0.854192392580869,17.8030620313161,631.008285937833,0,2962.89615439278,0,202.012622293767,910.69299848526,222.434148248503,0,2527.21840586154,119.899179651987,0.001,352.090855952323
6003,10,0,0,0,0,0,0,0.0407145837518571,0,0,0,2510.69630816523,0,0,0,5595.30869771697,0,0,68.9825262803135,27.9242179377258,107.175275974535,0,0,0,0,0,0,0.862299742644047,16.912008990252,632.97299061853,0,3389.1000984083,0,197.622223215752,890.983658063867,120.572740913239,0,2544.55952710206,118.045282651776,0.001,346.646780586435
6003,11,0,0,0,0,0,0,3.67850287041128,0,0,0,273.78163329244,0,361.048940910537,0,0,0,0,55.3881553360354,0,949.22943474343,0,0,0,0,0,0,1.59478691875255,106.601486289515,633.618209797838,0,3655.6167180149,0,86.0034704315866,865.812938291334,114.805833393649,0,2550.25444101203,116.043177293382,0.001,402.57651263033
6003,12,0,0,0,0,0,0,3.78728473620284,0,0,0,904.544420291998,0,0,0,0,0,0,0,0,0,0,0,0,0,0,0,2.34893544038464,190.349646877532,634.55051138954,0,4039.85164318941,0,69.3856286613924,846.734846288959,114.805833393649,0,2558.48323747864,113.392747459365,0.001,384.145648911301
6003,13,0,0,0,0,0,0,3.89474615269727,0,0,0,1937.74053889216,0,1580.32457461971,0,0,0,0,31.7230005922056,0,671.577128885493,0,0,0,0,0,0,3.12448237117437,12.3744733265018,635.560387394273,0,4160.81898015645,0,68.167040177361,828.092498548923,114.805833393649,0,2528.09608640781,111.227098487346,0.001,415.260974495155
6003,14,0,0,0,0,0,0,4.0358133656175,0,0,0,1392.05731241496,0,25.4837677761635,0,0,0,0,101.489843324275,0,50.2119421232562,0,0,0,37.4366132253525,0,0,3.92811951368164,10.4233230922928,638.993307371127,0,3993.95638190985,0,67.581726521748,809.875942641916,114.805833393649,0,2558.39615242407,110.095885424197,0.001,409.000640910219
6003,15,0,0,0,0,0,0,4.21061294975918,0,0,0,422.218337559601,0,27.2999946075057,0,0,0,0,336.789170607244,0,0,0,0,0,74.3886366331661,0,0,4.76656387485463,8.24315052693025,642.724189698159,0,3905.12118105254,0,67.066274545539,792.075453438004,114.805833393649,0,2591.32613085943,112.455776840474,0.001,394.500693137661
6003,16,0,0,0,0,0,0,4.41401013312043,0,0,0,444.991340923471,0,88.2611960527458,0,0,0,0,353.083122968851,0,0,0,0,0,110.901155786489,0,0,5.64550999277956,7.62846962346627,646.655722680616,0,3932.32947279059,0,66.5930201903324,774.681528055523,114.805833393649,0,2614.18013662035,114.958659294518,0.001,380.113705492799
6003,17,0,0,0,0,0,0,4.66409552881392,0,0,0,1163.2566578332,0,30.6833871349508,0,0,0,0,330.747779472573,0,0,0,0,0,147.017305786912,0,0,6.57425472490457,6.96430689555285,650.891486800117,0,3955.37196561223,0,66.1839500465771,757.684880304883,114.805833393649,0,2600.16417741559,117.048517815681,0.001,370.157082609516
6003,18,0,0,0,0,0,0,4.95638702190045,0,0,0,2110.87830005767,0,32.8716320988636,0,0,0,0,423.94963610171,0,32.4455921941644,0,0,0,182.77832198928,0,0,7.56120242109239,4.38023132703945,655.452445578699,0,4050.02094482195,0,65.8399894898164,741.076436647682,114.805833393649,0,2634.9133026536,120.381167672509,0.001,355.518850374092
6003,19,0,0,0,0,0,0,5.29169770768589,0,0,0,545.202568733834,0,34.9854988475274,0,0,0,0,51.7178037326009,0,206.109567528327,0,0,0,218.223578960276,0,0,8.61491933997828,4.23209472400168,660.331555799446,0,4157.88945712721,0,65.5554967582628,724.847330135394,114.805833393649,0,2677.97791318521,118.359906736976,0.001,354.727582361381
6003,20,0,0,0,0,0,0,5.6695425680616,0,0,0,1450.60455807504,0,37.391016153903,0,0,0,0,55.6341692543816,0,2107.08974840388,0,0,0,253.390616190462,0,0,9.74387516026887,4.13543354585582,665.572974905835,0,4327.10962179877,0,65.3365030080945,708.170269411722,114.805833393649,0,2724.24037954429,116.434802966913,0.001,354.364235503207
6003,21,0,0,0,0,0,0,6.07333455595509,0,0,0,678.798729012098,0,39.6257881776136,0,0,0,0,33.6633402575724,0,153.796648853323,0,0,0,288.315151398782,0,0,10.9532366410596,3.54003215250977,671.156392290779,0,4441.52868212487,0,65.1744057862434,692.692740991814,114.805833393649,0,2758.05182284546,114.243359517765,0.001,354.889436301505
6003,22,0,0,0,0,0,0,7.33954193133419,0,0,0,768.357428279221,0,42.479938712336,0,0,0,0,0,0,185.588735710432,0,0,0,323.031080703226,0,0,12.2523149318884,3.45917770532139,677.169616856769,0,4596.49883234572,0,65.0841400863189,666.104374846611,114.805833393649,0,2811.12649471336,111.634037575022,0.001,356.915285709426
6003,23,0,0,0,0,0,0,7.84371725729781,0,0,0,743.807592029629,0,45.5021535371341,0,0,0,198.046742492994,0,0,288.236946396015,0,0,0,357.570464289571,0,0,13.6476153099265,2.84603934935013,587.122548759608,0,4768.53859398476,0,65.0667947503162,651.587632884799,114.805833393649,0,2870.22141413577,109.084312624148,0.001,359.999794030671
6003,24,0,0,0,0,0,0,8.36370103161138,0,0,0,1321.31691785352,0,48.5039385583751,0,0,0,242.629740761238,0,0,243.158236208295,0,0,0,391.939516638985,0,0,15.1446973407506,2.13446439916607,594.056556303553,0,4857.50587868204,0,65.1186171712332,637.40245357008,114.805833393649,0,2933.84951285409,106.592823490864,0.001,363.705845600064
6003,25,0,0,0,0,0,0,8.85224914261555,0,3602.82545729045,0,14798.0217564623,0,51.3359026410993,3518.83167706066,0,0,2365.98371662849,0,0,1014.27929879424,0,0,0,426.110073603658,0,0,16.7480385331747,2.26320982674531,445.915541090256,0,5012.20637699852,0,65.2310298427306,678.265704382226,114.805833393649,0,3022.62621740278,104.158240031223,0.001,372.434288585282
6003,26,0,0,0,0,0,0,9.40272152294499,0,276.687333104775,0,941.719959240598,0,52.7773372802024,1098.80126459619,0,0,3311.15164991168,174.895318987691,0,0,0,0,0,459.892964334479,0,0,18.4553829659883,2.23339276542694,456.304670543388,0,5170.88007088741,0,65.3609878618158,680.103519908963,114.805833393649,0,3091.19383833487,104.150558985126,0.001,363.927877684338
6003,27,0,0,0,0,0,0,9.17923109954852,0,286.304818897806,0,1419.23785495305,0,54.3416176082982,1329.80729283225,0,0,131.249151123396,260.757545018487,0,358.808903891218,0,0,0,493.218524495381,0,0,20.2713413153818,1.83795168143306,467.05491990684,0,5335.58810686595,0,65.5107772985809,685.948037268515,114.805833393649,0,3162.12132753954,104.169435139614,0.001,358.177391809491
6003,28,0,0,0,0,0,0,9.72185919869548,0,294.024777527175,0,905.298729505058,0,55.5293769838253,542.049811708823,0,0,134.08237857425,222.191392729107,383.445922574691,193.235494997214,0,0,0,525.977109242207,0,0,22.1962039524284,1.81421237187101,478.095040326815,0,5505.56900554066,0,65.6688712337114,679.407957871983,114.805833393649,0,3234.95425644652,104.196291775664,0.001,359.405889257551
6003,29,0,0,0,0,0,0,10.2591196325872,0,8575.28886814414,0,927.806592350312,0,56.8103525247807,564.321350216749,0,0,386.723275527356,546.613305505481,396.089506849138,1196.72836658091,0,0,0,558.128664233108,0,0,24.2294826274978,1.79101526833496,489.446569623465,0,5681.16145332826,0,65.8371292546209,673.252795890013,114.805833393649,0,3309.8334957188,104.233898317401,0.001,360.302142301675
6003,30,0,0,0,0,0,0,10.790004408461,0,311.239686328353,0,3805.84728335209,0,58.1930503210247,793.866489592324,1462.43874722189,0,923.4029342357,1417.12300332229,303.989428729296,597.234269184715,0,0,0,589.635964889567,0,0,26.369950428191,0,501.133080010238,0,5862.75600119942,0,66.0175035735633,669.835989357229,101.748318076148,0,3386.91271972149,104.285140357598,0.001,375.366242942408
6003,31,0,0,0,0,0,0,14.9154490320393,0,325.015983337296,0,978.115110029003,0,59.3054373411414,561.438730251732,0,0,853.488637663875,281.92008399359,428.925635823789,1065.072806547,0,0,0,620.414189388595,0,0,28.6075234985347,0,513.165585461876,0,6049.84019913354,0,66.2021174916373,663.965443775947,101.748318076148,0,3465.86504178353,104.337379905998,0.001,375.413623884861
6003,32,0,0,0,0,0,0,15.5192143269541,0,336.032236809752,0,1003.12462305124,0,60.5202905937143,554.868861091498,0,0,1493.4270567099,1034.73215034536,8.74384671458527,194.055021644525,0,0,0,650.405038568016,0,0,30.943660856305,0,525.533860593235,0,6242.7746285191,0,66.3931699078173,658.002726679274,101.748318076148,0,3546.84394949207,104.393932122907,0.001,375.562080830634
6003,33,0,0,0,0,0,0,16.107307424219,0,344.704684743621,0,3001.52355092869,0,62.027233656344,539.463156390277,0,0,150.526181298824,225.940877151216,0,828.940113655961,0,0,0,679.603779700568,0,0,33.3755046889643,0,538.260478171,0,6442.3957315242,0,66.5974986853975,651.996026641854,101.748318076148,0,3630.25371465135,104.465353718593,0.001,375.91132924491
6003,34,0,0,0,0,0,0,16.7155071975055,0,340.004161728377,0,1071.02946546552,0,63.9247265886282,542.194899271088,0,0,1348.15026188829,531.338798669874,0,256.235497305763,0,0,0,708.025044676417,0,0,35.9003669647416,0,551.273236452959,0,6649.82197009432,0,66.8239300937624,646.233668461143,101.748318076148,0,3716.6352853199,104.565205263471,0.001,376.361492686148
6003,35,0,0,0,0,0,0,17.3448267216704,0,348.344269176727,0,3623.54308188692,0,66.0713323165616,541.72913258959,0,0,156.696430164411,213.305948304593,0,217.835985960716,0,0,0,735.659450488545,0,0,38.5157361774662,0,564.7436468071,0,6865.85517912623,0,67.0772325634326,640.595679327455,101.748318076148,0,3806.35046790591,104.737756979031,0.001,376.98815687773
6003,36,0,0,0,0,0,0,17.8470421598523,0,398.980432459885,0,1497.60261572139,0,72.7152125443158,598.038185415084,0,0,145.779361089365,212.52017750433,0,254.640267807346,0,0,0,775.765624086357,0,0,41.1906080050735,0,579.724670027715,0,7101.13694797268,0,68.8565984479161,649.896296092412,101.748318076148,0,3904.82032716185,107.557786799435,0.001,387.769154514668
6003,37,0,0,0,0,0,0,18.4553754376996,0,403.401815388705,0,2141.94500517873,0,73.521020983157,604.52229411188,0,0,934.54085224155,1892.48639819992,0,248.29143985366,0,0,0,816.342930089626,0,0,43.9368164576041,0,594.871708508565,0,7341.22008606774,0,70.6556827378795,659.297752923307,101.748318076148,0,4004.42014590252,110.409182321542,0.001,398.281354526803
6003,38,0,0,0,0,0,0,19.0970075497004,0,508.139129882053,0,3175.80708764294,0,73.7696554442015,589.11739067762,0,0,156.718075277643,203.071842935722,0,257.300269642403,0,0,0,857.270839547683,0,0,46.7525878634512,0,611.10370230857,0,7584.68880089224,0,72.4608511973337,668.459634578841,101.748318076148,0,4104.40616373432,113.103837763149,0.001,407.870485029185
6003,39,0,0,0,0,0,0,19.7761794051225,0,1226.61529380822,0,2609.61363876609,0,74.0111750115754,0,0,0,161.877131107543,667.286195807077,0,467.843442976364,0,0,0,898.524691371307,0,0,49.6368311193941,0,634.556964475108,0,7831.32830537927,0,74.2719297224206,668.459634578841,101.748318076148,0,4204.76599234912,115.93074261305,0.001,419.364669974209
6003,40,0,0,0,0,0,0,20.49239709918,0,638.897572608387,0,1655.11216808135,0,73.7256709929258,0,5595.30869771697,0,901.189670268006,417.225611870711,0,2363.16287147775,0,0,0,939.976744803284,0,0,52.5884533526404,0,652.089894262317,0,8080.23050790626,0,76.0760218674516,668.459634578841,101.748318076148,0,4304.79487509664,120.970637529867,0.001,434.197951061314
6003,41,0,0,0,0,0,0,21.2322133942717,0,409.479793684643,0,1681.63721494342,0,382.353823759546,0,0,0,171.516856524702,470.952518444166,0,517.425573343843,0,0,0,981.605444287066,0,0,55.6069869094751,0,667.29178210682,0,8331.36523219887,0,77.8741460832053,668.459634578841,101.748318076148,0,4404.54482446656,126.821298632418,0.001,449.867864165385
6003,42,0,0,0,0,0,0,22.8357361374869,0,154.114569474284,0,2410.19622370747,0,73.5704134711528,0,0,0,231.023726286618,457.112395365662,0,545.478327299369,0,0,0,1023.45068016465,0,0,58.6926888742053,0,679.953414016728,0,8585.60439357614,0,79.6744390240824,668.459634578841,101.748318076148,0,4505.0080826925,132.886937205403,0.001,465.411723164668
6003,43,0,0,0,0,0,0,23.6799062578471,0,678.61305066972,0,3341.81014634948,0,1462.24821655834,0,0,0,364.610990387255,187.051837378537,0,485.205464783931,0,0,0,1065.49365146495,0,0,61.8460927914996,0,697.877452356455,0,8842.75621671014,0,81.4775523466457,668.459634578841,101.748318076148,0,4606.96098241366,135.113827029807,0.001,474.189213314863
6003,44,0,0,0,0,0,0,24.545590845254,0,0,0,1806.84182029582,0,96.8324800395697,0,0,0,366.765689067665,446.676285480659,0,540.328754106023,0,0,0,1107.77928059352,0,0,65.0683348805397,0,709.081180573545,0,9104.096497009,0,83.2913213159582,668.459634578841,101.748318076148,0,4709.51638119615,140.173508920942,0.001,487.11346370438
6003,45,0,0,0,0,0,0,25.3879654240527,0,0,0,2725.27103808418,0,99.5685596734012,0,0,0,370.550234537618,616.730652327684,0,1284.16384551114,0,0,0,1150.35951455992,0,0,68.3610331740079,0,720.400516711656,0,9370.30451441152,0,85.1238060248614,668.459634578841,101.748318076148,0,4813.13001846976,145.286463863763,0.001,499.855407425816
6004,8,0,0,0,0,0,0,0.090939510815845,0,0,0,2117.8583628679,0,0,0,0,0,0,0,51.9025582371647,0,0,0,0,20.9398441968213,0,0,0.851701010421733,19.1775001873774,816.293702102674,0,3131.89384807931,0,204.863488178951,925.876975922691,224.088661986445,0,1780.2055368925,111.453738111184,0.001,287.673332931765
6004,9,0,0,0,0,0,0,0.0845002757389882,0,0,0,0,0,0,0,0,0,0,926.70728150982,40.998840845541,1130.74590216664,0,0,0,41.787528071059,0,0,0.868527249393655,17.8030620313161,633.548458506444,0,2990.40933701213,0,202.085326049515,911.043418004431,222.792027760397,0,2549.63879347343,121.069619764165,0.001,355.527920844125
6004,10,0,0,0,0,0,0,0.158277559243774,0,0,0,2774.04021165348,0,0,0,5716.52535501416,0,0,147.193628546486,28.4763623166529,131.372166835146,0,0,0,62.3982205003483,0,0,0.884779410977305,16.912008990252,636.77288334489,0,3438.10305222366,0,197.73093742854,891.507857324393,122.320266228051,0,2578.09861372215,120.19193745192,0.001,351.670918047229
6004,11,0,0,0,0,0,0,15.5761399242782,0,0,0,0,1884.6508828555,178.165775335247,0,0,0,0,532.828298243802,0,2087.00960190028,0,6.24089017523738,0,111.843321298333,0,0,4.00166576694731,15.2003129588802,628.205689068701,0,3587.77509654942,117.336143228797,79.6466009035851,865.290488552636,116.442838869612,0,2502.48177619225,124.123463848908,0.001,484.015370470356
6004,12,0,0,0,0,0,0,17.5123757225933,0,0,0,0,1874.13291418321,664.994018781832,0,0,0,0,553.181145718115,0,143.820696862545,0,17.6155887437596,0,153.441049320643,0,0,7.48884277669618,190.8731700486,619.884447873759,0,3823.95262121203,253.498355723242,86.0880188649353,845.279097401905,116.442838869612,0,2429.035800392,128.438450206219,0.001,473.250755348745
6004,13,0,0,0,0,0,0,21.8414179078833,0,0,0,391.673811346827,1865.73225959197,1809.20482237813,0,0,0,0,531.889108628247,0,1310.23304747668,0,33.3416015114961,0,188.058331332412,0,0,11.8380465395201,12.3744733265018,611.586388342484,0,3787.74287542136,389.828420162597,92.3398786290278,825.688536590642,116.442838869612,0,2316.49378899294,132.618087607211,0.001,543.991944304383
6004,14,0,0,0,0,0,0,29.8734150645483,0,0,0,0,1913.35970789077,257.073077532324,0,0,0,0,578.654158558183,0,707.960910238052,0,58.5455569531978,0,240.344918018385,0,0,17.7866332913096,10.4233230922928,604.915900728161,0,3487.53188288201,505.37237889076,99.1014923781925,806.664380436687,116.442838869612,0,2257.61790011771,137.623875478009,0.001,577.027174316333
6004,15,0,0,0,0,0,0,33.634040325944,0,0,0,0,1940.50450648778,261.852273338575,0,0,0,0,1937.93194686012,0,0,0,88.8232501722332,0,282.83192818009,0,0,24.4840599584568,8.24315052693025,598.208125923113,0,3274.33652172289,623.083034805771,105.822108565198,788.040347034272,116.442838869612,0,2198.412902394,162.529009134295,0.001,558.689495221448
6004,16,0,0,0,0,0,0,37.587430071391,0,0,0,0,1964.8193991919,326.931008056583,0,0,0,0,1964.82026839989,0,0,0,123.147981016872,0,316.511916122319,0,0,31.9687110461671,7.62846962346627,591.288360285254,0,3159.27271995174,753.713475401986,112.440431968007,769.791761241977,116.442838869612,0,2125.48982428026,187.037794508002,0.001,540.55243014844
6004,17,0,0,0,0,0,0,41.795041937759,0,0,0,0,1992.78924962202,273.902982100631,0,0,0,0,1880.61184038455,0,0,0,160.722875839773,0,342.593498500544,0,0,40.2912089000026,6.96430689555285,584.212256441447,0,3030.93563123424,885.450015463212,118.994279344564,751.91925848784,116.442838869612,0,2011.63164668227,209.577994709593,0.001,526.931381705347
6004,18,0,0,0,0,0,0,46.1962812163736,0,0,0,0,2018.28613300871,280.41337583832,0,0,0,0,849.897405407804,0,759.255499500158,0,200.9032775204,0,362.154592372305,0,0,49.4901098569868,4.38023132703945,576.943679987726,0,2942.30368446442,1032.09386640282,125.478294120501,734.412385378133,116.442838869612,0,1941.96945417979,216.831617394648,0.001,551.992538834586
6004,19,0,0,0,0,0,0,50.7723483082955,0,0,0,0,2043.03762357201,286.80730554003,0,0,0,0,1624.7409411412,0,242.917063299167,0,243.151992095613,0,376.103519937364,0,0,59.6002267569589,4.23209472400168,569.453816947718,0,2870.49133589905,1186.00115259824,131.886992136729,717.261098493389,116.442838869612,0,1875.86149183421,234.75747846189,0.001,548.862468304845
6004,20,0,0,0,0,0,0,55.5104091210068,0,0,0,0,2067.38559190077,293.547568966281,0,0,0,0,0,0,3171.86459725061,0,287.0186733407,0,385.209272115144,0,0,70.6538168326214,4.13543354585582,561.740070372596,0,2820.54618567934,1359.13812669655,138.229714215228,699.639463789482,116.442838869612,0,1807.77746073679,229.395610253342,0.001,604.966078928011
6004,21,0,0,0,0,0,0,60.2609732430662,0,0,0,0,2089.09060235228,299.823124236346,0,0,0,0,0,0,1227.11129712892,0,332.125172277391,0,390.127893751678,0,0,82.6533698234359,3.54003215250977,553.765349716605,0,2731.8334254008,1525.12723662917,144.49043801582,683.19193186122,116.442838869612,0,1721.92037681678,224.156207273155,0.001,659.916964350645
6004,22,0,0,0,0,0,0,66.0700450063645,0,0,0,0,2114.04298220484,307.255651769538,0,0,0,0,0,0,1258.90230617131,0,378.147660449078,0,391.415999412202,0,0,95.647244031075,3.45917770532139,545.553085674342,0,2656.72035246713,1706.67196746411,150.697763643628,655.611830147137,116.442838869612,0,1649.43626873925,219.036472413213,0.001,713.942783672179
6004,23,0,0,0,0,0,0,62.8054331584532,0,0,0,0,2140.49078440869,315.212087449889,0,0,0,0,0,0,1370.09515309069,0,424.809805835331,0,391.415999412202,0,0,107.986875158001,2.84603934935013,440.581521082114,0,2579.13385264434,1899.33681938867,156.864610828349,640.080908650875,116.442838869612,0,1574.82227028948,214.033672451883,0.001,767.14108251862
6004,24,0,0,0,0,0,0,66.5089777888761,0,0,0,0,2185.53146863296,322.657353824557,0,0,0,0,0,0,1364.82375115423,0,471.84972084318,0,391.415999412202,0,0,121.062219073181,2.13446439916607,431.855089584234,0,2442.26643269628,2071.13676961969,162.978400070785,624.856906876564,116.442838869612,0,1497.79995335371,209.145136637315,0.001,820.741532464616
6004,25,0,0,0,0,0,0,70.1837618307176,0,0,0,7844.89230919241,2227.80616488106,329.481813539197,0,0,0,0,0,0,4295.89982369789,0,519.002945730222,0,391.415999412202,0,0,134.878285963532,1.3054737457809,231.277145381039,0,2274.23736966949,2266.88447040291,169.019220416498,609.928952608967,116.442838869612,0,1418.0885341967,204.368255102085,0.001,988.719248140591
6004,26,0,0,0,0,0,0,73.5391448727484,0,0,0,0,3390.60552920635,332.674356466691,0,0,0,0,0,0,0,0,574.356619026916,0,391.415999412202,0,0,149.356887965038,2.23339276542694,221.848155317084,0,2156.98431502213,2481.49452695946,174.880318404032,594.823083826388,116.442838869612,0,1303.04480508262,199.700477716341,0.001,966.136869320683
6004,27,0,0,0,0,0,0,76.2424177400047,0,0,0,0,1139.97955340348,335.395082474872,0,0,0,0,203.299960017129,0,883.340554367571,0,649.446040131261,0,391.415999412202,0,0,164.526899833931,1.039372904457,212.032626355692,0,2027.30893045347,2675.71635781508,180.553157001679,580.456039717344,116.442838869612,0,1216.40976042087,196.761090979398,0.001,972.689535648095
6004,28,0,0,0,0,0,0,79.6487124558839,0,0,0,0,2279.12121805948,336.412943156443,0,0,0,0,664.295284467157,77.8678672612552,0,0,657.680118489438,0,391.415999412202,0,0,180.368955826537,1.01563359489496,201.821549917925,0,1894.74976149372,2887.91913111405,185.996401558509,566.352823051133,116.442838869612,0,1126.28348534083,200.621470528995,0.001,950.473275800505
6004,29,0,0,0,0,0,0,82.9901407116638,0,3938.91885405755,0,0,2285.76982937086,337.175143422425,0,0,0,0,948.271822506721,391.457583756501,1802.07499305322,0,702.173747029445,0,391.415999412202,0,0,196.877660749631,0.992436491358906,147.89957104647,0,1754.18997507878,3104.92956783855,191.210676048715,552.398229501777,116.442838869612,0,1030.39138822481,203.843216293847,0.001,964.596752693195
6004,30,0,0,0,0,0,0,86.3886465866939,0,0,0,0,2291.8896362148,338.106034738925,0,1437.41469864778,0,0,1822.21482538283,300.922798347149,2368.83746823018,0,820.810709061011,0,391.415999412202,0,0,214.048407036598,0,136.976461785548,0,1577.40932041128,3326.79077256046,196.208096277937,537.72956212684,103.135082936365,0,926.147765934805,207.036344748586,0.001,1047.69168591082
6004,31,0,0,0,0,0,0,104.693948654092,0,0,0,0,2286.0465069101,336.566773544576,0,0,0,0,672.100581066656,427.723366792131,1742.8794108481,0,854.135779490936,0,391.415999412202,0,0,231.794118908282,0,125.705906207978,0,1421.20658212141,3552.34920346877,200.931545417439,524.416265436613,103.135082936365,0,819.571786641526,209.946533873555,0.001,1015.25533747069
6004,32,0,0,0,0,0,0,109.743184977073,0,0,0,0,2275.41125930542,334.381073206562,0,0,0,0,1408.88231036353,9.11064450492032,786.197507471308,0,854.135779490936,0,391.415999412202,0,0,250.159711487923,0,114.114635152576,0,1257.34707583136,3781.21222977723,205.374790527089,511.222088295569,103.135082936365,0,703.800988002906,212.571869241486,0.001,1021.40582748798
6004,33,0,0,0,0,0,0,117.206066831857,0,0,0,0,2263.18954411243,332.153764633206,0,0,0,0,583.623598495217,1.33048614365477,2507.55527443436,0,908.580768602136,0,391.415999412202,0,0,269.149334400217,0,102.234436149777,0,1065.01468534447,4013.26306771305,209.547646322434,498.329998489528,103.135082936365,0,598.94249537898,214.926745351606,0.001,1054.72232134652
6004,34,0,0,0,0,0,0,128.436935907843,0,0,0,0,2251.25630224505,330.209898649867,0,0,0,0,872.457135510892,0,1280.95996369008,0,908.580768602136,0,391.415999412202,0,0,288.775937285468,0,90.0954421966537,0,886.919627203285,4248.55445299308,213.467721431227,485.74034627297,103.135082936365,0,479.854905070672,217.03279640551,0.001,1057.32068560408
6004,35,0,0,0,0,0,0,135.44617429215,0,0,0,0,2282.92340050281,328.164515201745,0,0,0,0,541.013078099377,0,1485.47050622901,0,978.623363610718,0,391.415999412202,0,0,309.0494249324,0,77.7210131976388,0,674.406452347724,4487.52477306506,217.142391131487,473.382791819253,103.135082936365,0,370.634178076726,218.985084263047,0.001,1096.06351989994
6004,36,0,0,0,0,0,0,139.339839590385,0,0,0,0,3831.88338705628,338.349006851843,0,0,0,0,567.598749875933,0,1185.08835042104,0,978.623363610718,0,391.415999412202,0,0,329.311019862859,0,65.1621757898778,0,483.6619900793,4735.98504686309,225.421905950674,471.968297173518,103.135082936365,0,259.785802609573,226.516818046969,0.001,1146.23796723095
6004,37,0,0,0,0,0,0,146.271046969058,0,0,0,0,3911.35316566995,331.971818806347,0,0,0,0,2227.32977216413,0,2583.40560787155,0,1016.39985077228,0,391.415999412202,0,0,350.114954667976,0,52.3701752452061,0,286.111294649736,4985.60534911936,233.545368818007,470.529717581787,103.135082936365,0,139.046739220825,233.811407080811,0.001,1255.61457916095
6004,38,0,0,0,0,0,0,153.221977816608,0,0,0,0,11115.2567549115,324.951288963487,0,0,0,0,618.32327002182,0,4972.13889785278,0,1072.73992627209,0,391.415999412202,0,0,371.426600474844,0,39.3891885405755,0,78.4489230919241,5324.16279103036,241.49703694176,469.071193884647,103.135082936365,0,24.4723370329441,242.016228291617,0.001,1435.59959730131
6004,39,0,0,0,0,0,0,160.33129224112,0,0,0,0,867.956168874506,310.255300362937,0,0,0,0,1245.43149547412,0,0,0,1107.08321393025,0,391.415999412202,0,0,393.242682801242,0,39.3891885405755,0,78.4489230919241,5531.11935884563,249.08908924594,469.071193884647,103.135082936365,0,24.4723370329441,251.872930182521,0.001,1425.80152445401
6004,40,0,0,0,0,0,0,167.405482841387,0,0,0,0,6672.1896521673,296.681329427215,0,5716.52535501416,0,0,797.809538570002,0,0,0,1138.32903497016,0,391.415999412202,0,0,415.523950332435,0,39.3891885405755,0,78.4489230919241,5805.75403897375,256.348981882907,469.071193884647,103.135082936365,0,17.1291672887674,261.400086265109,0.001,1297.51935036865
6004,41,0,0,0,0,0,0,321.207657689707,0,0,0,0,2170.26115530502,1181.48728033902,0,0,0,0,524.211703946145,0,0,0,1166.61510001397,0,391.415999412202,0,0,439.734801443378,0,39.3891885405755,0,78.4489230919241,6019.50448479079,279.540068355415,469.071193884647,103.135082936365,0,17.1291672887674,264.521331791726,0.001,1247.75620627285
6004,42,0,0,0,0,0,0,190.493867460501,0,0,0,0,2473.62491960122,1234.94228568452,0,0,0,0,962.280909917743,0,0,0,1191.65588126377,0,391.415999412202,0,0,463.040134439114,0,39.3891885405755,0,78.4489230919241,6231.39359609951,294.609000010538,469.071193884647,103.135082936365,0,17.1291672887674,273.087721857405,0.001,1196.53772480352
6004,43,0,0,0,0,0,0,292.77222737971,0,0,0,0,2183.98346878628,2929.49384697195,0,0,0,0,1015.60175767772,0,0,0,1212.79458804003,0,391.415999412202,0,0,487.86312057211,0,39.3891885405755,0,78.4489230919241,6433.10878692344,324.492354262719,469.071193884647,103.135082936365,0,17.1291672887674,282.285553277216,0.001,1140.61339234008
6004,44,0,0,0,0,0,0,0,0,0,0,0,2026.93592285234,0,0,0,0,0,0,0,0,0,1229.59809107413,0,391.415999412202,0,0,510.21174503809,0,39.3891885405755,0,78.4489230919241,6633.83815784896,320.161212804519,469.071193884647,103.135082936365,0,17.1291672887674,277.339560373829,0.001,1084.75226541865
6004,45,0,0,0,0,0,0,117.457493164957,0,0,0,0,28002.7729587294,3467.87631836128,0,0,0,0,9726.90267254301,0,0,0,1229.59809107413,0,391.415999412202,0,0,534.223629543771,0,39.3891885405755,0,78.4489230919241,9562.4342610789,403.889583932608,469.071193884647,103.135082936365,0,17.1291672887674,388.740962679249,0.001,908.443647814104
6005,8,0,0,0,0,0,0,0.090939510815845,0,0,0,2117.85836286783,0,0,0,0,0,0,0,51.9025582371647,0,0,0,0,20.9398441968212,0,0,0.851701010421733,19.1775001873774,816.293702102674,0,3131.8938480793,0,204.863488178951,925.876975922691,224.088661986492,0,1780.2055368925,111.453738111184,0.001,287.673332931765
6005,9,0,0,0,0,0,0,0.0845002757389882,0,0,0,0,0,0,0,0,0,0,926.707281509833,40.998840845541,1130.74590216664,0,0,0,41.787528071059,0,0,0.868527249393655,17.8030620313161,633.548458506444,0,2990.40933701213,0,202.085326049515,911.043418004431,222.792027760444,0,2549.63879347343,121.069619764165,0.001,355.527920844126
6005,10,0,0,0,0,0,0,0.158277559243774,0,0,0,2774.0402116535,0,0,0,5716.52535500942,0,0,147.193628546483,28.4763623166529,131.372166835144,0,0,0,62.3982205003489,0,0,0.884779410977305,16.912008990252,636.77288334489,0,3438.10305222366,0,197.73093742854,891.507857324393,122.320266228051,0,2578.09861372215,120.19193745192,0.001,351.670918047229
6005,11,0,0,0,0,0,0,15.5761399242782,0,0,0,0,0,0,0,0,0,0,1721.6516757381,0,2245.38443713165,0,6.22943405527507,0,111.638015569535,0,0,4.00166576694731,15.2003129588802,628.85374853598,0,3596.06477485223,0,73.4537040090094,866.22892145798,116.442838869612,0,2508.20175940579,139.020258472811,0.001,494.667992868462
6005,12,0,0,0,0,0,0,17.5123757225933,0,0,0,0,0,254.118877826962,0,0,0,0,1699.69270180696,0,382.610866641878,0,17.5598245883252,0,152.955314177252,0,0,7.48884277669618,190.8731700486,621.162426099315,0,3842.0988948761,0,65.8636583111676,847.150829455605,116.442838869612,0,2440.31565103309,157.813878738685,0.001,499.476920895114
6005,13,0,0,0,0,0,0,21.8414179078833,0,0,0,1543.76655291667,0,1514.74067540509,0,0,0,0,1635.31794363143,0,1512.40438595646,0,33.1949484624366,0,187.231156678486,0,0,11.8380465395201,12.3744733265018,613.461924831866,0,3826.64213399518,0,62.4775345462105,828.508481715568,116.442838869612,0,2333.04788283358,176.079196056534,0.001,582.807215041096
6005,14,0,0,0,0,0,0,29.8734150645483,0,0,0,0,0,0,0,0,0,0,1673.05113418843,0,903.279014548454,0,58.249141770173,0,239.128055688088,0,0,17.7866332913096,10.4233230922928,607.473472837972,0,3534.28144398727,0,61.1482334710557,810.291925808562,116.442838869612,0,2280.191861728,195.288366059313,0.001,627.497789799743
6005,15,0,0,0,0,0,0,33.634040325944,0,0,0,0,0,0,0,0,0,0,3348.05343559009,0,0,0,88.3265964897044,0,281.250478296167,0,0,24.4840599584568,8.24315052693025,601.427357407825,0,3328.48990599103,0,59.8492936670598,792.491436604649,116.442838869612,0,2226.82688441692,239.285695525193,0.001,608.007360255441
6005,16,0,0,0,0,0,0,37.587430071391,0,0,0,0,0,0,0,0,0,0,3438.60018520287,0,0,0,122.362808479707,0,314.493884952249,0,0,31.9687110461671,7.62846962346627,595.123971689054,0,3221.18136659927,0,56.6026454448341,775.097511222168,116.442838869612,0,2159.34417554146,283.209436390849,0.001,588.743873586557
6005,17,0,0,0,0,0,0,41.795041937759,0,0,0,0,0,0,0,0,0,0,8.48098625797422,0,2020.20293836424,0,159.563298894694,0,340.121768696559,0,0,40.2912089000026,6.96430689555285,588.631823271342,0,3099.92868035848,0,55.404229553338,758.100863471528,116.442838869612,0,2050.64017808181,276.861838536634,0.001,696.738568033073
6005,18,0,0,0,0,0,0,46.1962812163736,0,0,0,0,0,0,0,0,0,0,0,0,2238.56299351936,0,199.275323814407,0,359.219991612804,0,0,49.4901098569868,4.38023132703945,581.904640692307,0,3018.86407455733,0,53.966370729777,741.492419814328,116.442838869612,0,1985.75650364978,270.538305421531,0.001,806.01121373073
6005,19,0,0,0,0,0,0,50.7723483082955,0,0,0,0,0,0,0,0,0,0,1778.07836023748,0,1117.96553787248,0,240.954233547863,0,372.70406300237,0,0,59.6002267569589,4.23209472400168,574.912433828364,0,2954.30102221367,0,53.0150904967961,725.263313302039,116.442838869612,0,1924.04101624969,289.396678896152,0.001,848.160900810106
6005,20,0,0,0,0,0,0,55.5104091210068,0,0,0,0,0,0,0,0,0,0,1744.96734245954,0,3321.30481667737,0,284.142757946364,0,381.349490928033,0,0,70.6538168326214,4.13543354585582,567.650204175297,0,2912.21899497923,0,51.7124347198036,708.586252578367,116.442838869612,0,1859.94222006539,307.196377186409,0.001,905.975928507391
6005,21,0,0,0,0,0,0,60.2609732430662,0,0,0,0,0,0,0,0,0,0,1805.70173480796,0,1366.00415106776,0,328.456266422954,0,385.81824596572,0,0,82.6533698234359,3.54003215250977,560.074252073845,0,2829.58449197326,0,50.6198119983628,693.108724158459,116.442838869612,0,1777.60479684508,325.279830127487,0.001,961.835409620514
6005,22,0,0,0,0,0,0,66.0700450063645,0,0,0,0,0,0,0,0,0,0,1838.92469176869,0,1499.71746936761,0,373.564810155769,0,386.672347354387,0,0,95.647244031075,3.45917770532139,552.207879329613,0,2760.61305758656,0,49.4045494692424,666.520358013257,116.442838869612,0,1708.17363763776,343.258148120051,0.001,1022.19555402982
6005,23,0,0,0,0,0,0,62.8054331584532,0,0,0,0,0,0,0,0,0,0,1874.17960352825,0,2111.67892697956,0,419.186224149692,0,386.672347354387,0,0,107.986875158001,2.84603934935013,447.525356389248,0,2688.69843860968,0,47.9922794132247,652.003616051445,116.442838869612,0,1636.11081462811,361.164647394771,0.001,1108.2946590438
6005,24,0,0,0,0,0,0,66.5089777888761,0,0,0,0,0,0,0,0,0,0,2293.40087807254,0,1974.64786924919,0,465.053167326377,0,386.672347354387,0,0,121.062219073181,2.13446439916607,439.024748519412,0,2554.6439803286,0,46.9728263694234,637.818436736726,116.442838869612,0,1561.08169033415,384.278344388115,0.001,1186.28532478552
6005,25,0,0,0,0,0,0,193.726943999513,0,0,0,11287.1989147466,0,0,0,0,0,0,1952.64696681721,0,7255.23923596853,0,512.270396006448,0,386.672347354387,0,0,136.11371778522,2.26320982674531,238.601730434609,0,2424.13492660418,0,45.366126612744,623.957247392907,116.442838869612,0,1482.73769938594,402.092491268027,0.001,1498.93728796273
6005,26,0,0,0,0,0,0,0,0,0,0,681.998336782902,0,0,0,0,0,0,2292.58716838113,0,1848.21940188338,0,558.591408824969,0,386.672347354387,0,0,149.856928337999,2.23339276542694,229.240273621874,0,2315.58635079095,0,44.2277136150216,609.956547875084,116.442838869612,0,1368.29004066793,423.992444186959,0.001,1558.37450733217
6005,27,0,0,0,0,0,0,81.321271816364,0,0,0,0,0,0,0,0,0,0,2375.78374556944,0,1239.83994981256,0,604.399441789517,0,386.672347354387,0,0,165.077728747655,1.83795168143306,219.400932186373,0,2186.49307897257,0,43.1031106921957,596.731724888664,116.442838869612,0,1281.44481938034,445.26715947344,0.001,1569.11058462333
6005,28,0,0,0,0,0,0,123.217426956081,0,0,0,0,0,0,0,0,0,0,2444.45829174653,243.117773435496,108.666249306128,0,649.410271736151,0,386.672347354387,0,0,181.355471885263,1.81421237187101,209.071536288603,0,2053.13325647772,0,41.9915955666681,583.808957511979,116.442838869612,0,1190.27421834068,467.402986389064,0.001,1538.56337103695
6005,29,0,0,0,0,0,0,212.501638831466,0,4194.65282279381,0,0,0,0,0,320.133649828018,0,0,3941.78930813585,565.911551478768,2052.38710741933,0,693.554350802996,0,386.672347354387,0,0,199.159291789556,1.79101526833496,157.501938010476,0,1910.47013163574,0,40.8932541648929,571.070524146309,119.644175367893,0,1092.57308573251,504.676386322127,0.001,1551.20193541944
6005,30,0,0,0,0,0,0,106.287962516105,0,0,0,0,0,0,0,2768.19029197726,0,0,4450.56617074449,290.217571888549,3883.37259925107,0,736.468406255429,0,386.672347354387,0,0,216.529031235817,0,146.252659145519,0,1729.73859439149,0,39.8074988267952,557.650950391521,119.644175367893,0,985.450584645034,536.145299441954,0.001,1691.75437457055
6005,31,0,0,0,0,0,0,157.454717927821,0,0,0,0,0,0,0,187.834922805883,0,0,3466.11017761426,109.165850002798,2350.82224573838,0,777.914904009603,0,386.672347354387,0,0,234.802350800237,0,134.546321060525,0,1567.86519136677,0,38.733957963605,545.620789166099,121.522524595951,0,875.02824748943,568.809160114212,0.001,1665.77583158725
6005,32,0,0,0,0,0,0,227.681919441139,0,0,0,0,0,0,0,545.902518595341,0,0,4556.80109296176,0,783.875021362445,0,817.685025360922,0,386.672347354387,0,0,254.34733072452,0,122.407485598364,0,1396.54135811963,0,37.6726014988782,533.741316108628,126.981549781905,0,754.424467661375,605.144945621967,0.001,1647.00002491243
6005,33,0,0,0,0,0,0,148.994283139848,0,0,0,0,0,0,0,0,0,0,4539.64247771478,0,3337.12157976026,0,855.635762350075,0,386.672347354387,0,0,273.654835799893,0,109.866644419324,0,1194.88927832581,0,36.623514465331,522.192586590722,126.981549781905,0,643.734932750355,651.115994702852,0.001,1694.27228729065
6005,34,0,0,0,0,0,0,161.291442855608,0,0,0,0,0,0,0,0,0,0,4702.00592046679,0,1156.68071141682,0,891.983669517964,0,386.672347354387,0,0,293.609983754621,0,96.9525303207586,0,1005.55522077811,0,35.6504412497195,510.972295346676,126.981549781905,0,517.805880440078,694.105657594022,0.001,1668.9946391325
6005,35,0,0,0,0,0,0,169.383552280886,0,0,0,0,0,0,0,0,0,0,4112.82397532779,0,2387.35130689178,0,953.913724089488,0,386.672347354387,0,0,314.222845181441,0,83.6860696535043,0,779.803126681972,0,34.8597816271154,500.008276026593,126.981549781905,0,400.711792395331,732.557618790824,0.001,1731.95078503733
6005,36,0,0,0,0,0,0,173.257309430049,0,0,0,0,0,0,0,0,0,0,4003.66199132364,0,2030.46195114418,0,1045.13452336086,0,386.672347354387,0,0,334.823614810296,0,70.119123148079,0,573.788874823864,0,34.7121862765471,500.008276026593,126.981549781905,0,280.965518807395,785.684085834753,0.001,1817.91678595962
6005,37,0,0,0,0,0,0,181.096381979491,0,0,0,0,0,0,0,0,0,0,6006.43746603703,0,5693.49930389228,0,1045.13452336086,0,386.672347354387,0,0,355.975802965518,0,56.1909683531451,0,358.706053490217,0,34.7121862765471,500.008276026593,126.981549781905,0,150.19838921852,843.125425715459,0.001,1978.00635392505
6005,38,0,0,0,0,0,0,188.897210016686,0,0,0,0,0,0,0,0,0,0,4678.54402299005,0,10635.0924834923,0,1045.13452336086,0,386.672347354387,0,0,377.644201094387,0,41.9465282279381,0,119.691972515295,0,34.0111082869593,500.008276026593,126.981549781905,0,24.4723370329441,905.207218681399,0.001,2338.27425639917
6005,39,0,0,0,0,0,0,196.850940218729,0,0,0,0,0,0,0,0,0,0,5446.00926526849,0,206.289846887367,0,1073.53202384567,0,386.672347354387,0,0,399.825479900561,0,41.9465282279381,0,119.691972515295,0,34.2314720016779,500.008276026593,126.981549781905,0,24.4723370329441,970.803355353776,0.001,2301.91498644837
6005,40,0,0,0,0,0,0,204.703840748181,0,0,0,0,0,0,0,5716.52535500942,0,0,4908.36821359324,0,2240.28746371749,0,1102.89569108257,0,386.672347354387,0,0,422.479731010822,0,41.9465282279381,0,119.691972515295,0,34.2672987975618,500.008276026593,126.981549781905,0,17.1291672887674,1034.87544066716,0.001,2262.43851070999
6005,41,0,0,0,0,0,0,212.549811841696,0,0,0,0,0,0,0,0,0,0,5666.04791446435,0,307.346516907017,0,1129.55745244434,0,386.672347354387,0,0,445.604003663285,0,41.9465282279381,0,119.691972515295,0,34.26940017525,500.008276026593,126.981549781905,0,17.1291672887674,1097.67015855083,0.001,2220.05531610006
6005,42,0,0,0,0,0,0,221.599823074035,0,0,0,0,0,0,0,0,0,0,5561.41609826097,0,440.222159794068,0,1152.5497624238,0,386.672347354387,0,0,469.220396215156,0,41.9465282279381,0,119.691972515295,0,29.40261181623,500.008276026593,126.981549781905,0,17.1291672887674,1158.55447853056,0.001,2177.67745330453
6005,43,0,0,0,0,0,0,221.593866637921,0,0,0,0,0,0,0,0,0,0,5416.30329505937,0,1270.63600086442,0,1171.50648965636,0,386.672347354387,0,0,493.331598740734,0,41.9465282279381,0,119.691972515295,0,0,500.008276026593,126.981549781905,0,17.1291672887674,1217.27099175223,0.001,2145.27964534797
6005,44,0,0,0,0,0,0,228.754682545796,0,0,0,0,0,0,0,0,0,0,5395.39056043592,0,740.570725757848,0,1187.15649952851,0,386.672347354387,0,0,517.967770032172,0,41.9465282279381,0,119.691972515295,0,0,500.008276026593,126.981549781905,0,17.1291672887674,1274.5647074944,0.001,2095.8133067265
6005,45,0,0,0,0,0,0,0,0,0,0,0,0,0,0,0,0,0,0,0,0,0,1187.15649952851,0,386.672347354387,0,0,539.569647784516,0,41.9465282279381,0,119.691972515295,0,0,500.008276026593,126.981549781905,0,17.1291672887674,1244.03825555589,0.001,1798.0500318411
