time_period,primary_id,nemomod_entc_annual_production_by_technology_pp_biogas,nemomod_entc_annual_production_by_technology_pp_biomass,nemomod_entc_annual_production_by_technology_pp_coal,nemomod_entc_annual_production_by_technology_pp_coal_ccs,nemomod_entc_annual_production_by_technology_pp_gas,nemomod_entc_annual_production_by_technology_pp_gas_ccs,nemomod_entc_annual_production_by_technology_pp_geothermal,nemomod_entc_annual_production_by_technology_pp_hydropower,nemomod_entc_annual_production_by_technology_pp_nuclear,nemomod_entc_annual_production_by_technology_pp_ocean,nemomod_entc_annual_production_by_technology_pp_oil,nemomod_entc_annual_production_by_technology_pp_solar,nemomod_entc_annual_production_by_technology_pp_waste_incineration,nemomod_entc_annual_production_by_technology_pp_wind,nemomod_entc_annual_production_by_technology_st_batteries,nemomod_entc_annual_production_by_technology_st_compressed_air,nemomod_entc_annual_production_by_technology_st_flywheels,nemomod_entc_annual_production_by_technology_st_pumped_hydro
0,0,0.0,0.772069781348688,128.49960941714045,0.0,707.9147204020494,0.0,24.05946924340929,117.1198231068961,44.00260213305339,0.0,120.01988189803042,5.233296624934025,0.0,33.23855520969352,0.0,0.0,0.0,0.0
1,0,0.0,0.0,130.22473945955116,0.0,723.797465000023,0.0,23.145376049672773,115.56499760709964,39.78158586560231,0.0,127.7212136137888,7.247046786321693,0.0,39.066291904992546,0.0,0.0,0.0,0.0
2,0,0.0069787055871744,0.0,115.45963281688884,0.0,706.4624474008681,0.0,26.05593776992127,118.90624483744588,40.46329616926125,0.0,143.13663051943124,11.700046491918854,2.433601183069703,38.823645603995054,0.0,0.0,0.0,0.0
3,0,0.0141366948606273,0.0,95.09445261047944,0.0,706.3373277687645,0.0,18.71869546657635,113.27335251476045,47.62384187916803,0.0,164.32750459748294,12.789560247324603,4.948104726689981,44.84476916624007,0.0,0.0,0.0,0.0
4,0,0.0213703439243982,0.0,96.82622116184956,0.0,720.0760598059637,0.0,19.94599286415299,88.40201150785967,41.71101801016191,0.0,171.5109367914176,34.33332625701787,7.439038591865297,62.920642878406696,0.0,0.0,0.0,0.0
5,0,0.0282183038801411,0.0,67.72646029108117,0.0,701.2531711799345,0.0,20.747712227147556,104.5848490489578,43.921190094559755,0.0,179.68610684276518,43.756829788278225,9.420094954298124,76.83673422301923,0.0,0.0,0.0,0.0
6,0,0.0353073266901978,0.0,57.35561457567086,0.0,744.2230870753123,0.0,14.57695293898521,115.3894583092046,39.83520591486468,0.0,173.1226108560997,46.18645830273079,12.133178722929662,72.9745711748004,0.0,0.0,0.0,0.0
7,0,0.0358173176425444,0.0,94.256144714959,0.0,729.1485012156286,0.0,23.806425582747995,140.3196177820276,42.466538358796846,0.0,96.54190080328328,80.40070295226671,12.466211079812494,80.74121781622902,0.0,0.0,0.0,0.0
8,0,0.036290670848171,0.0,89.79116409170008,0.0,834.4758693025838,0.0,16.598400915258637,75.16720878521122,47.57875410283279,0.0,89.8871977699256,77.96859798160229,12.75922544196283,79.51559853135039,0.0,0.0,0.0,0.0
9,0,0.0367024396645746,0.0,52.70267358761007,0.0,791.4099314011471,0.0,21.73783947592981,88.51256960905495,45.74655514916164,0.0,133.86620813508307,88.51477148981259,12.98997754388577,101.02671938773696,0.0,0.0,0.0,0.0
10,0,0.0370507915453896,0.0,53.100597181974805,0.0,797.3853528187263,0.0,21.906530180053412,89.1808704265978,46.09195761957897,0.0,134.8769447652948,89.18308893232428,13.149256323809349,101.7895064072383,0.0,0.0,0.0,0.0
11,0,0.0374051865283694,4.3092448620472235,53.650615913729055,0.0,805.6447115406967,0.0,16.995146153677208,75.25750432266094,38.89584933632612,0.0,136.2740071344517,91.13116473437952,13.3466423573311,123.6518155861541,0.0,0.0,0.0,0.0
12,0,0.037770397453958,12.429322713217216,54.260503052956516,0.0,814.803084468705,0.0,14.048523178756035,75.2575043226609,38.895849336326116,0.0,137.82313686850614,91.1311647343795,13.557375212148877,120.81148695957609,0.0,0.0,0.0,0.0
13,0,0.0381379545134088,0.0,54.887924159729806,0.0,824.2247562980414,0.0,14.21096804132472,75.25750432266092,38.8958493363261,0.0,139.41680335163127,92.1849259975838,13.772054703356137,134.4220735203591,0.0,0.0,0.0,0.0
14,0,0.0385074982460443,0.0,56.02820922560857,0.0,841.3478520412718,0.0,14.506197909775311,75.25750432266092,38.89584933632611,0.0,142.31315808225995,94.10004842247788,13.990334419747828,136.74889025739003,0.0,0.0,0.0,0.0
15,0,0.0388870354960503,0.0,57.24291025923416,0.0,859.5884154938349,0.0,14.82069472911908,75.25750432266094,38.89584933632611,0.0,145.3985313720782,99.56441352591295,14.22167311796696,135.80385941805753,0.0,0.0,0.0,0.0
16,0,0.0392391948269955,0.0,58.51309801103629,0.0,878.6621954957021,0.0,15.14955754956048,75.25750432266094,38.8958493363261,0.0,148.62484241815295,103.91966505659954,14.45914068582294,136.17519564642515,0.0,0.0,0.0,0.0
17,0,0.0396000515250221,0.0,59.86125463205292,0.0,898.9067953675312,0.0,15.498607198445251,75.25750432266089,38.8958493363261,0.0,152.04919648868594,104.98312582257094,14.708986971624626,140.12904094420907,0.0,0.0,0.0,0.0
18,0,0.039969838033,0.0,61.29306292423214,0.0,920.40755092995,0.0,15.869315003357851,75.25750432266094,38.8958493363261,0.0,155.68602805344094,106.11662291031249,14.971833173922604,144.32478657706582,0.0,0.0,0.0,0.0
19,0,0.0403488009742787,0.0,62.807861522216456,0.0,943.154530787138,0.0,16.261509730969582,75.25750432266092,38.8958493363261,0.0,159.53365722662525,107.31943681512556,15.248345402447177,148.76050407897011,0.0,0.0,0.0,0.0
20,0,0.0407372007683833,0.0,64.4166247802479,0.0,967.3125313781871,0.0,16.67803273846047,75.2575043226606,38.8958493363261,0.0,163.61995916312404,108.60055719006898,15.53923791081039,153.46831301521743,0.0,0.0,0.0,0.0
21,0,0.0410989910208486,0.0,66.11710521046861,0.0,992.8478032917232,0.0,17.118302131386322,75.25750432266139,38.89584933632611,0.0,167.93922518334116,114.93197276639498,15.83956890863166,153.46831301521732,0.0,0.0,0.0,0.0
22,0,0.0414705415971847,0.0,67.92936839370405,0.0,1020.0616614111024,0.0,17.58751306573467,75.25750432266098,38.89584933632611,0.0,172.54242240215507,116.26077420966932,16.155843317189746,158.88793788113188,0.0,0.0,0.0,0.0
23,0,0.0418521535658629,0.1430454019681376,69.86122247891683,0.0,1049.0713568398123,0.0,18.08768714019172,75.25750432266095,38.89584933632611,0.0,177.44938372789892,117.3327598540281,16.488940202642844,164.86752584707656,0.0,0.0,0.0,0.0
24,0,0.0422433480569046,0.1097883481516932,71.91555414227963,0.0,1079.9202373633873,0.0,18.61957174069824,75.25750432266099,38.89584933632611,0.0,182.66744139567663,120.78303448657717,16.83874471845217,169.10216031175165,0.0,0.0,0.0,0.0
25,0,0.0426428771591018,0.0687178891807719,74.0896241565854,0.0,1112.5671693643385,0.0,19.182457657152145,75.25750432266088,38.895849336326116,0.0,188.1896376947221,124.43441111359463,17.20408413929462,173.59040246793973,0.0,0.0,0.0,0.0
26,0,0.0430074962157563,0.0687178891807719,76.34051229694751,0.0,1146.3676410955188,0.0,19.76523246448857,75.25750432266092,38.89584933632611,0.0,193.90695409965952,128.21480470334447,17.572004435839432,178.1958062990356,0.0,0.0,0.0,0.0
27,0,0.0433738096336099,0.0572982985491135,78.67289161400085,0.0,1181.3918254424889,0.0,20.36910605676426,75.25750432266092,38.89584933632611,0.0,199.83126028476408,132.1320637003354,17.947305149586004,182.9801447145395,0.0,0.0,0.0,0.0
28,0,0.0437401020871737,0.0572982985491135,81.07550994871711,0.0,1217.4707543093523,0.0,20.991165150687948,75.25750432266078,38.89584933632611,0.0,205.93397546352315,136.1672899687166,18.32765057578187,187.89754168693855,0.0,0.0,0.0,0.0
29,0,0.0441067074791935,0.0572982985491135,83.55252553124612,0.0,1254.6668697775765,0.0,21.632486348748657,75.25750432266095,38.8958493363261,0.0,212.22566165233587,140.32746730582622,18.7135064626022,192.96794601560143,0.0,0.0,0.0,0.0
30,0,0.0444739626719353,0.0,86.10850855356966,0.0,1293.0488001553006,0.0,22.294252913989936,75.2575043226609,38.89584933632611,0.0,218.7179272617326,144.62027140383304,19.105365830976815,198.25803066350676,0.0,0.0,0.0,0.0
31,0,0.0448031575140739,0.0,88.73567728908428,0.0,1332.4996911105109,0.0,22.9744500887076,75.25750432266082,38.89584933632611,0.0,225.39100649688285,149.03263275970787,19.496144447255745,203.6375340753449,0.0,0.0,0.0,0.0
32,0,0.0451317921999331,0.0,91.43813772755615,0.0,1373.0812002567216,0.0,23.67414094989423,75.25750432266074,38.8958493363261,0.0,232.25532868220657,153.5714474324389,19.89150904667635,209.17188177610248,0.0,0.0,0.0,0.0
33,0,0.0454608945910642,0.0,94.22719992877396,0.0,1414.963165156852,0.0,24.39625377185905,75.2575043226606,38.89584933632611,0.0,239.3396216737046,158.2557108028973,20.292984040579785,214.88426224344093,0.0,0.0,0.0,0.0
34,0,0.0457917662886553,0.0,97.11804358188957,0.0,1458.3735316802972,0.0,25.14471871010922,75.25750432266076,38.89584933632611,0.0,246.68244229001832,163.1109173408149,20.70260080175954,220.80580263515108,0.0,0.0,0.0,0.0
35,0,0.0461250893245691,0.0,100.12125883653782,0.0,1503.471326855964,0.0,25.922277647860735,75.25750432266052,38.89584933632611,0.0,254.31068979599905,168.15485332933758,21.121526185957975,226.95822561727968,0.0,0.0,0.0,0.0
36,0,0.0463849159738597,0.0,103.5281662201082,0.0,1554.6311666739457,0.0,26.804356041038396,75.25750432266099,38.89584933632611,0.0,262.96432616508827,173.87679508324854,21.534551451297,233.94420307890547,0.0,0.0,0.0,0.0
37,0,0.0466461697588105,0.0,107.01215075070176,0.0,1606.9484358116529,0.0,27.70639038791319,75.25750432266152,38.89584933632611,0.0,271.8137405602907,179.728188828708,21.954138682157556,241.08846206809145,0.0,0.0,0.0,0.0
38,0,0.0469070010251206,0.0,110.5542776622422,0.0,1660.138800270419,0.0,28.62347831041744,75.25750432266092,38.89584933632611,0.0,280.81083816659935,185.6772333993164,22.3772937167271,248.35216506531503,0.0,0.0,0.0,0.0
39,0,0.0471674898112458,0.0,114.15535450307954,0.0,1714.2143866036197,0.0,29.555828889946913,75.25750432266092,38.89584933632611,0.0,289.95767017853893,191.7252850821993,22.80407310206355,255.73695705100045,0.0,0.0,0.0,0.0
40,0,0.0474259740131018,0.0,117.79690436346986,0.0,1768.897736214234,0.0,30.498658291479742,75.25750432266094,38.8958493363261,0.0,299.20730474849927,197.841311686151,23.23165036614225,263.20493537829174,0.0,0.0,0.0,0.0
41,0,0.0476827343794351,0.0,121.4811796738104,0.0,1824.2226727332993,0.0,31.452549689127174,75.25750432266092,38.8958493363261,0.0,308.56546311025915,204.02909619500028,23.660349177158952,270.7607077508728,0.0,0.0,0.0,0.0
42,0,0.0479389947707933,0.0,125.2214389212843,0.0,1880.388292292336,0.0,32.42093582224893,75.25750432266092,38.89584933632611,0.0,318.0658221777964,210.3109063967628,24.09210342666089,278.43145627444005,0.0,0.0,0.0,0.0
43,0,0.0481949366947092,0.0,129.0197116105766,0.0,1937.4250709574392,0.0,33.40434214752168,75.2575043226609,38.89584933632611,0.0,327.71353694758636,216.6901508688638,24.52714886402223,286.2213365768247,0.0,0.0,0.0,0.0
44,0,0.0484516828435368,0.0,132.8892841939161,0.0,1995.5325247973603,0.0,34.4062086447023,75.25750432266092,38.89584933632611,0.0,337.5423553655749,223.1891443669482,24.96735002479135,294.15759361823115,0.0,0.0,0.0,0.0
45,0,0.0487103492153756,0.0,136.8441669624157,0.0,2054.9210394106617,0.0,35.430162701823825,75.2575043226609,38.89584933632611,0.0,347.58786394793805,229.83141734273576,25.41462516602575,302.2689599867927,0.0,0.0,0.0,0.0
0,72072,0.0,0.772069781348688,128.49960941714036,0.0,707.914720402049,0.0,24.05946924340927,117.11982310689604,44.002602133053365,0.0,120.01988189803036,5.23329662493487,0.0,33.2385552096935,0.0,0.0,0.0,0.0
1,72072,0.0,0.0,130.2247394595512,0.0,723.7974650000232,0.0,23.145376049672777,115.56499760709964,39.78158586560232,0.0,127.72121361378882,7.247046786321789,0.0,39.06629190499255,0.0,0.0,0.0,0.0
2,72072,0.0069787055871744,0.0,115.4596328168888,0.0,706.462447400868,0.0,26.055937769921268,118.90624483744588,40.46329616926124,0.0,143.1366305194312,11.700046491918837,2.433601183069703,38.82364560399505,0.0,0.0,0.0,0.0
3,72072,0.0141366948606273,0.0,95.09445261047944,0.0,706.3373277687645,0.0,18.71869546657635,113.27335251476045,47.62384187916803,0.0,164.32750459748294,12.789560247323712,4.948104726689981,44.84476916624007,0.0,0.0,0.0,0.0
4,72072,0.0213703439243982,0.0,96.8262211618496,0.0,720.076059805964,0.0,19.945992864153,88.4020115078597,41.71101801016192,0.0,171.5109367914177,34.33332625701814,7.439038591865297,62.92064287840672,0.0,0.0,0.0,0.0
5,72072,0.0282183038801411,0.0,67.72646029108118,0.0,701.2531711799348,0.0,20.747712227147563,104.58484904895784,43.921190094559776,0.0,179.68610684276524,43.75682978827804,9.420094954298124,76.83673422301926,0.0,0.0,0.0,0.0
6,72072,0.0353073266901978,0.0,57.3556145756709,0.0,744.2230870753128,0.0,14.57695293898522,115.3894583092047,39.83520591486471,0.0,173.1226108560998,47.47819936226203,12.133178722929662,71.68283011526863,0.0,0.0,0.0,0.0
7,72072,0.0358173176425444,0.0,94.25614471495904,0.0,729.1485012156288,0.0,23.806425582747313,140.31961778202765,42.46653835879686,0.0,96.54190080328333,80.40070295226674,12.466211079812494,80.74121781622905,0.0,0.0,0.0,0.0
8,72072,0.036290670848171,0.0,89.79116409170011,0.0,834.4758693025841,0.0,16.598400915258644,75.16720878521124,47.5787541028328,0.0,89.88719776992563,77.96859798160166,12.75922544196283,79.5155985313504,0.0,0.0,0.0,0.0
9,72072,0.0367024396645746,0.0,52.70267358761007,0.0,791.4099314011471,0.0,21.737839475930137,88.51256960905495,45.74655514916164,0.0,133.86620813508307,88.51477148981259,12.98997754388577,101.02671938773696,0.0,0.0,0.0,0.0
10,72072,0.0370507915453896,0.0,53.100597181974805,0.0,797.3853528187263,0.0,21.90653018005339,89.1808704265978,46.09195761957897,0.0,134.8769447652948,89.18308893232428,13.149256323809349,101.7895064072383,0.0,0.0,0.0,0.0
11,72072,0.0685238725745581,6.825440186678022,53.16410256200387,0.0,798.3389816392615,0.0,16.743296136350168,75.2575043226609,38.89584933632612,0.0,135.0382501382857,89.49744244732133,13.02544132159387,120.69480590242274,0.0,0.0,0.0,0.0
12,72072,0.1009276856425952,12.622904963349914,53.28776674037913,0.0,800.195985321666,0.0,13.796673161428991,75.25750432266135,38.895849336326116,0.0,135.35236047680047,89.49744244732133,12.904830123514117,117.85447727584464,0.0,0.0,0.0,0.0
13,72072,0.1342509330533492,0.0,53.42912999255679,0.0,802.3187672242307,0.0,13.833273355181417,75.2575043226609,38.89584933632611,0.0,135.7114269387174,89.73486372240639,12.777737604752376,130.28148593674925,0.0,0.0,0.0,0.0
14,72072,0.1687811442695442,0.0,54.060044585979135,0.0,811.7928990113085,0.0,13.99662271227932,75.25750432266102,38.89584933632611,0.0,137.31396697187415,90.79449233827788,12.643565761197554,131.18602427542947,0.0,0.0,0.0,0.0
15,72072,0.2048069317213343,0.0,54.751709771038165,0.0,822.1792923268237,0.0,14.17570093377603,75.25750432266092,38.8958493363261,0.0,139.0708151414264,94.68781973731006,12.510375245023566,129.48582756655497,0.0,0.0,0.0,0.0
16,72072,0.2425729749941882,0.0,55.48443588125325,0.0,833.1822772068446,0.0,14.365410191225967,75.2575043226611,38.8958493363261,0.0,140.93195916504047,98.8503931130729,12.371293792283147,127.67228440549918,0.0,0.0,0.0,0.0
17,72072,0.2824787360272717,0.0,56.27920709156405,0.0,845.1169626073123,0.0,14.571183472740922,75.25750432266092,38.8958493363261,0.0,142.95069941134642,101.87319173594764,12.231075893760652,127.23223349522046,0.0,0.0,0.0,0.0
18,72072,0.3248853280152645,0.0,57.14027034681148,0.0,858.0471227942448,0.0,14.7941203498265,75.25750432266092,38.895849336326094,0.0,145.13782323444454,107.5574884985083,12.089329428876914,124.3801923126112,0.0,0.0,0.0,0.0
19,72072,0.3701608209543912,0.0,58.06665190380428,0.0,871.958135548697,0.0,15.033968711775598,75.2575043226609,38.895849336326094,0.0,147.4908573004441,108.1345583865712,11.94563766152284,126.88104713545935,0.0,0.0,0.0,0.0
20,72072,0.4186691350509285,0.0,59.06707952880975,0.0,886.9810614114851,0.0,15.292988254311732,75.25750432266092,38.89584933632611,0.0,150.03197037036156,108.5631794039701,11.799556290602748,129.80865596580105,0.0,0.0,0.0,0.0
21,72072,0.4706322725910254,0.0,60.13721296779522,0.0,903.0507249387006,0.0,15.570055247355944,75.25750432266189,38.8958493363261,0.0,152.75013808224054,108.57642165383857,11.646413519315244,133.4141008499558,0.0,0.0,0.0,0.0
22,72072,0.5264503096080055,0.0,61.294802955409054,0.0,920.4336801158264,0.0,15.869765512788192,75.25750432266092,38.89584933632611,0.0,155.6904477794213,108.7832521513773,11.490154253747264,137.1542696326997,0.0,0.0,0.0,0.0
23,72072,0.5864027610506751,0.0,62.54546321791639,0.0,939.2142254881916,0.0,16.1935724938889,75.25750432266089,38.89584933632611,0.0,158.8671584775754,109.01025133562376,11.330231451519552,141.22351237674636,0.0,0.0,0.0,0.0
24,72072,0.6507285070845665,0.0,63.89026991358536,0.0,959.4085211911976,0.0,16.541754817532553,75.25750432266038,38.89584933632611,0.0,162.2830036476428,109.05015711074512,11.165354408749904,145.83311967161214,0.0,0.0,0.0,0.0
25,72072,0.7196199346924319,0.0687178891807719,65.325279124122,0.0,980.9573433583104,0.0,16.913291368461266,75.25750432266094,38.8958493363261,0.0,165.92796563110127,109.714588664421,10.993567482927528,150.08807573185814,0.0,0.0,0.0,0.0
26,72072,0.7929801127697099,0.0687178891807719,66.81034737248393,0.0,1003.2578772886886,0.0,17.297788646136436,75.25750432266092,38.8958493363261,0.0,169.70007891676877,112.20877857362962,10.805783091283022,152.77121813681327,0.0,0.0,0.0,0.0
27,72072,0.8710071501571709,0.0572982985491135,68.34960729873592,0.0,1026.3721807901718,0.0,17.6963166275482,75.25750432266092,38.8958493363261,0.0,173.60984052154024,114.79398405488725,10.604650838276244,155.57914062136908,0.0,0.0,0.0,0.0
28,72072,0.9537135233494476,0.0572982985491135,69.93252889879828,0.0,1050.1421300098496,0.0,18.106149001695677,75.25750432266109,38.895849336326094,0.0,177.63050395189194,117.45251984022823,10.388313968168465,158.467432355149,0.0,0.0,0.0,0.0
29,72072,1.0410782535216805,0.0572982985491135,71.56230954400965,0.0,1074.615738288593,0.0,18.52811359624052,75.25750432266094,38.8958493363261,0.0,181.77019061700423,120.1897559531096,10.156661044438236,161.45404342556762,0.0,0.0,0.0,0.0
30,72072,1.1330486234187307,0.0,73.24244500975685,0.0,1099.8454999529845,0.0,18.963115498286346,75.25750432266084,38.8958493363261,0.0,186.03777988036416,123.01156359016096,9.90954994148047,164.60341573606868,0.0,0.0,0.0,0.0
31,72072,1.2291913558086018,0.0,74.96536209611693,0.0,1125.7176920128322,0.0,19.409193939527142,75.25750432266061,38.89584933632611,0.0,190.41403561051732,125.9052234714105,9.643043266048728,167.7856066459096,0.0,0.0,0.0,0.0
32,72072,1.3295691409146737,0.0,76.73458590253308,0.0,1152.2852491395404,0.0,19.86726159932356,75.2575043226605,38.89584933632611,0.0,194.9079116548425,128.87665604359177,9.359885510475904,171.06492371942076,0.0,0.0,0.0,0.0
33,72072,1.4340591859174976,0.0,78.55939716831202,0.0,1179.687535596022,0.0,20.33972134299993,75.2575043226606,38.89584933632611,0.0,199.54298134074617,131.94144841952215,9.06042619546596,174.46035861943136,0.0,0.0,0.0,0.0
34,72072,1.5425459930384176,0.0,80.45220289677769,0.0,1208.1108612026546,0.0,20.829785453229064,75.25750432266078,38.89584933632611,0.0,204.3507587903067,135.12043830987824,8.745082243404678,177.99730894236936,0.0,0.0,0.0,0.0
35,72072,1.654921649347628,0.0,82.42129110558196,0.0,1237.679683013223,0.0,21.33959977093644,75.25750432266094,38.89584933632611,0.0,209.3522957912322,138.42754553956857,8.413730648988476,181.6927361619925,0.0,0.0,0.0,0.0
36,72072,1.7698539792488617,0.0,84.58592334926234,0.0,1270.1848926897685,0.0,21.900042165271547,75.25750432266058,38.89584933632611,0.0,214.85051989909897,142.06307131778814,8.060006979904614,185.7939352871004,0.0,0.0,0.0,0.0
37,72072,1.887851459571548,0.0,86.77558448840516,0.0,1303.0659488859037,0.0,22.466964761563126,75.25750432266084,38.89584933632611,0.0,220.41231807448992,145.74063342569823,7.688701641509539,189.94838351023688,0.0,0.0,0.0,0.0
38,72072,2.0088378802303475,0.0,88.97335243578871,0.0,1336.068741003899,0.0,23.035986282064172,75.25750432266108,38.89584933632611,0.0,225.9947077608118,149.43181101514077,7.298364324713529,194.1213948089379,0.0,0.0,0.0,0.0
39,72072,2.1327663593395556,0.0,91.1790691769866,0.0,1369.1908962194204,0.0,23.607065815444948,75.25750432266089,38.89584933632611,0.0,231.59728759717228,153.13633869899402,6.888754522613852,198.3126266733634,0.0,0.0,0.0,0.0
40,72072,2.259589938979526,0.0,93.37673582810896,0.0,1402.1921672216606,0.0,24.176061109449865,75.25750432266092,38.8958493363261,0.0,237.17941998826672,156.82734616015267,6.458824752684332,202.48928002188785,0.0,0.0,0.0,0.0
41,72072,2.3892885252786704,0.0,95.5676813446825,0.0,1435.0925102771737,0.0,24.743316242395,75.25750432266092,38.89584933632611,0.0,242.74448051686977,160.5070653953401,6.008599605818758,206.65405804874783,0.0,0.0,0.0,0.0
42,72072,2.521873164485285,0.0,97.76209678527177,0.0,1468.044959462041,0.0,25.311469769295613,75.25750432266092,38.89584933632611,0.0,248.31835474578224,164.19261240947,5.538442683409862,210.82782353622196,0.0,0.0,0.0,0.0
43,72072,2.657366781634969,0.0,99.96085318978017,0.0,1501.0625947508308,0.0,25.880747210071043,75.25750432266092,38.8958493363261,0.0,253.9032551397817,167.88545012449205,5.048181910377038,215.012344404925,0.0,0.0,0.0,0.0
44,72072,2.7958181971296936,0.0,102.17376524629648,0.0,1534.2927984507066,0.0,26.453689674098275,75.25750432266092,38.89584933632611,0.0,259.52411127053955,171.60206242659814,4.5379185559958275,219.2277158591556,0.0,0.0,0.0,0.0
45,72072,2.937296933652422,0.0,104.41092726567508,0.0,1567.8871518253309,0.0,27.032910667556425,75.2575043226609,38.89584933632611,0.0,265.20656295907094,175.3594028317638,4.007582872718224,223.4946080909599,0.0,0.0,0.0,0.0
0,73073,0.0,0.772069781348688,128.49960941714028,0.0,707.9147204020485,0.0,24.059469243409257,117.11982310689596,44.00260213305333,0.0,120.01988189803026,5.23329662493608,0.0,33.23855520969348,0.0,0.0,0.0,0.0
1,73073,0.0,0.0,130.2247394004721,0.0,723.7974646716577,0.0,23.145376039172408,115.56499755467124,39.78158584755459,0.0,127.72121355584552,7.247046783033188,0.0,39.066291887269344,0.0,0.0,0.0,0.0
2,73073,0.0069787055871744,0.0,115.4596327995964,0.0,706.4624472950609,0.0,26.055937766018864,118.90624481963724,40.46329616320104,0.0,143.1366304979936,11.700046490181183,2.433601183069703,38.82364559818042,0.0,0.0,0.0,0.0
3,73073,0.0141366948606273,0.0,95.09445252158488,0.0,706.3373271084786,0.0,18.718695449078066,113.2733524088722,47.62384183464914,0.0,164.32750444386917,12.789560235568077,4.948104726689981,44.844769124319065,0.0,0.0,0.0,0.0
4,73073,0.0213703439243982,0.0,96.82622105156808,0.0,720.076058985824,0.0,19.945992841435245,88.40201140717306,41.71101796265461,0.0,171.51093659607304,34.333326218254705,7.439038591865297,62.920642806742435,0.0,0.0,0.0,0.0
5,73073,0.0282183038801411,0.0,67.72646028480726,0.0,701.2531711149734,0.0,20.747712225225577,104.58484903926951,43.92119009049108,0.0,179.68610682611984,43.75682978426199,9.420094954298124,76.8367342159014,0.0,0.0,0.0,0.0
6,73073,0.0353073266901978,0.0,57.355614629636946,0.0,744.2230877755542,0.0,14.576952952700712,115.38945841777492,39.83520595234576,0.0,173.1226110189913,49.02656200366753,12.133178722929662,70.13446758556854,0.0,0.0,0.0,0.0
7,73073,0.0358173176425444,0.0,94.25614490762368,0.0,729.1485027060477,0.0,23.806425630519435,140.3196180688485,42.46653844560075,0.0,96.54190100062016,80.40070311661009,12.466211079812494,80.74121798126845,0.0,0.0,0.0,0.0
8,73073,0.0365953914115449,0.0,90.22965639987684,0.0,838.5510058012553,0.0,16.679458680830557,75.53428547046022,47.81110344274577,0.0,90.32615905553074,77.59673418607485,12.762261489151252,80.65787500751512,0.0,0.0,0.0,0.0
9,73073,0.037318371417001,0.0,53.21715019508151,0.0,799.1355716563729,0.0,21.95414817071948,89.37661773851742,46.19312703810995,0.0,135.17299255280176,89.37884111374709,12.996117469029416,102.01292901082506,0.0,0.0,0.0,0.0
10,73073,0.0379820042312335,0.0,53.87021257849212,0.0,808.9422858299241,0.0,22.2299774247107,90.47341654844112,46.759993048975105,0.0,136.83178856810278,90.47566720815936,13.158545661524323,103.26479624374322,0.0,0.0,0.0,0.0
11,73073,0.1719412367106426,0.0,52.11586819641522,0.0,782.5981656447223,18.9976598198997,15.531745062143806,73.94335336932377,39.42597502378526,0.0,132.37570666172056,95.9317363008288,12.956873810861016,145.3977013293075,0.0,0.0,0.0,0.0
12,73073,0.3217762210907956,12.655310376822804,50.412826485997435,0.0,757.0244322557603,38.16731323829331,17.147754564902648,71.6182431912645,39.425975023785256,0.0,128.04993492092768,101.5500402243964,12.760882144743295,145.42738925446173,0.0,0.0,0.0,0.0
13,73073,0.5086502673600285,0.0,48.71588749008815,0.0,731.5423403062501,57.536807211753455,18.786787404330504,69.25844083350876,39.42597502378527,0.0,123.7396642390939,107.26698159345648,12.474470667929369,171.02385259092267,0.0,0.0,0.0,0.0
14,73073,0.764245667463493,0.0,47.3493410476131,0.0,711.0215895990239,77.6705861903646,20.59337109704456,67.24658168957042,39.42597502378527,0.0,120.26859952753756,121.23949708952044,12.188352026686673,178.22238452305666,0.0,0.0,0.0,0.0
15,73073,1.0520167835421383,0.0,45.97747214997992,0.0,690.4209142203372,98.37418608237626,22.45971967929976,65.19858160309744,39.42597502378527,0.0,116.78401563675403,144.8886622228718,11.91063454639556,176.52218781418225,0.0,0.0,0.0,0.0
16,73073,1.3736128985895704,0.0,44.56292476976585,0.0,669.179357218909,119.61789354614218,24.37297304506442,63.07455951962104,39.42597502378527,0.0,113.19102725255202,169.22178452060206,11.635266298516038,174.70864465312644,0.0,0.0,0.0,0.0
17,73073,1.7312091239739251,0.0,43.118459998914304,0.0,647.488545588439,141.46072530866994,26.342767766160417,60.90095384202333,39.42597502378527,0.0,109.52204789162516,192.8641890797354,11.366585023681496,174.26859374284751,0.0,0.0,0.0,0.0
18,73073,2.1264621258579814,0.0,41.63567534985744,0.0,625.2223033371416,163.91530218441318,28.36828260294585,58.672851707038696,39.42597502378526,0.0,105.75573500960056,192.88180842525767,11.104245986448468,198.10742704415043,0.0,0.0,0.0,0.0
19,73073,2.5608677220046263,0.0,40.10935821236061,0.0,602.3023552803369,186.9943631937075,30.44953488690316,56.38819429894087,39.42597502378526,0.0,101.87884843631048,219.0792586914258,10.847881293548747,196.407230335276,0.0,0.0,0.0,0.0
20,73073,3.0358119223424147,0.0,38.53897940566457,0.0,578.7207549728089,210.7276859887263,32.58958280991409,54.05029388940883,39.42597502378527,0.0,97.89004403839628,219.0792586914258,10.59709703751761,221.574382049042,0.0,0.0,0.0,0.0
21,73073,3.551401704541911,0.0,36.91703574606747,0.0,554.3648308232599,235.1064152508579,34.78553353814681,51.65163671988816,39.42597502378527,0.0,93.77026352748786,219.0792586914258,10.348534767010657,247.36451155297124,0.0,0.0,0.0,0.0
22,73073,4.109714899856158,0.0,35.248313057471805,0.0,529.3064491775231,260.19173331029884,37.04519114967263,49.20134449678553,39.42597502378527,0.0,89.5316630249927,219.0792586914258,10.105087469942394,273.8709723944239,0.0,0.0,0.0,0.0
23,73073,4.639916960718267,0.0,33.532091872684596,0.0,503.5348061533076,286.02673884040684,39.37299394166955,46.69766334919954,39.42597502378528,0.0,85.17241506489351,218.93410767719615,9.86465647360366,301.2885834357645,0.0,0.0,0.0,0.0
24,73073,5.201730698827648,0.0,31.76203587631445,0.0,476.9547524424688,312.6095388696562,41.76709826653527,44.135174583455,39.42597502378527,0.0,80.67642523570687,219.0792586914258,9.627778082838612,329.14990757445264,0.0,0.0,0.0,0.0
25,73073,5.795371388968588,0.0,29.93176251780126,0.0,449.4704444462458,339.91794412929073,44.22347067281304,41.50574775693652,39.42597502378527,0.0,76.02748168737756,200.61371478700053,9.392556667004012,376.2990811648295,0.0,0.0,0.0,0.0
26,73073,6.4174795006810825,0.0687178891807719,28.022474229611404,0.0,420.7996084084973,367.73850731813275,46.714340983344705,38.78361164060883,39.42597502378526,0.0,71.17783809288663,209.7118526307829,9.151662032831776,396.1390347829439,0.0,0.0,0.0,0.0
27,73073,7.069295707620924,0.0,26.036536616816015,0.0,390.9777674482535,396.0347948758692,49.23641228049795,35.972096302880566,39.42597502378527,0.0,66.133503152728,218.89166606180808,8.906275786011454,416.31817584848494,0.0,0.0,0.0,0.0
28,73073,7.74998791382827,0.0,23.972858540243813,0.0,359.9885364693147,424.7038731744189,51.778357075180026,33.0691612728918,39.42597502378527,0.0,60.89170534406487,230.82221106194103,8.654596574941554,433.8223395493121,0.0,0.0,0.0,0.0
29,73073,8.459324301792876,0.0,21.838377365511143,0.0,327.9360904531919,453.7591040556737,54.34340526485956,30.083290315963765,39.42597502378527,0.0,55.47006576211484,237.3718030281472,8.396523320996872,456.8969650867547,0.0,0.0,0.0,0.0
30,73073,9.19710689628427,0.0,19.63322045356628,0.0,294.8223419161285,483.0871056578373,56.91942372456998,27.013794687337946,39.425975023785305,0.0,49.868907907111314,246.63975380940033,8.131920263677685,477.2952577098523,0.0,0.0,0.0,0.0
31,73073,9.959594276097503,0.0,17.359577644047167,0.0,260.68017459474885,512.5713210019154,59.49447262687602,23.862221008205335,39.425975023785305,0.0,44.09379403062149,255.8617737817524,7.858555886987148,497.6390220378268,0.0,0.0,0.0,0.0
32,73073,10.748716328006482,0.0,15.022939270101263,0.0,225.59203410108415,542.150965970758,62.063451210524526,20.634641282935192,39.425975023785305,0.0,38.15866972647991,265.0201997014206,7.577490333410935,517.8892327907872,0.0,0.0,0.0,0.0
33,73073,11.564651350660643,0.0,12.62981846076177,0.0,189.65572486611444,571.8061652547935,64.62591312176532,17.338204774194235,39.425975023785305,0.0,32.080078517574854,274.11717975773183,7.289028971333575,538.0445712113592,0.0,0.0,0.0,0.0
34,73073,12.407955756638811,0.0,10.186395662411115,0.0,152.9640555903208,601.5416259531737,67.18396361384382,13.979426809729054,39.425975023785305,0.0,25.87371890391548,283.16517599634125,6.993537030675601,558.1241693393883,0.0,0.0,0.0,0.0
35,73073,13.279055129116031,0.0,7.697483992633832,0.0,115.58930247523378,631.3372907319028,69.73669665345673,10.562781107517786,39.425975023785305,0.0,19.55181633359558,292.16340090905476,6.690851617039287,578.1229770973013,0.0,0.0,0.0,0.0
36,73073,14.149643502300146,0.0,5.1733973230867925,0.0,77.68634382027875,661.9315478436945,72.36601312478484,7.096057027787497,39.425975023785305,0.0,13.14056831797294,301.4557599270281,6.3782478229030986,598.7432292908614,0.0,0.0,0.0,0.0
37,73073,15.043534818357836,0.0,2.604565575046873,0.0,39.11147049591474,692.1384150760842,74.9421769938743,3.5717455718594313,39.425975023785305,0.0,6.615666599742765,310.50162963508296,6.056626558603612,618.9029231295159,0.0,0.0,0.0,0.0
38,73073,15.959241164109788,0.0,0.0,0.0,0.0,721.8890126677899,77.46013041755054,0.0,39.425975023785305,0.0,0.0,319.2856795759433,5.724480443017718,638.5843825924054,0.0,0.0,0.0,0.0
39,73073,16.89662184351711,0.0,0.0,0.0,0.0,750.602230149325,79.86024493792324,0.0,39.425975023785305,0.0,0.0,327.56857158702593,5.381470859994246,606.4468045097136,0.0,0.0,0.0,0.0
40,73073,17.853990329020725,0.0,0.0,0.0,0.0,778.3199260707194,82.15032016783128,0.0,39.425975023785305,0.0,0.0,335.3902786787938,5.026477095894015,573.1684673864875,0.0,0.0,0.0,0.0
41,73073,18.831221921445056,0.0,0.0,0.0,0.0,804.9228232597511,84.3207068107198,0.0,39.425975023785305,0.0,0.0,342.71847520159656,4.65941238243452,538.90340139626,0.0,0.0,0.0,0.0
42,73073,19.82925049720332,0.0,0.0,0.0,0.0,830.3607576078922,86.36894281826635,0.0,39.425975023785305,0.0,0.0,349.5499199666542,4.2805143201536975,503.84666160362866,0.0,0.0,0.0,0.0
43,73073,20.84818973881561,0.0,0.0,0.0,0.0,854.5192072664,88.28572287499618,0.0,39.425975023785305,0.0,0.0,355.8533119610799,3.8895004667685664,468.1437039736322,0.0,0.0,0.0,0.0
44,73073,21.88931415661677,0.0,0.0,0.0,0.0,878.5680512615562,90.19360144423734,0.0,39.425975023785305,0.0,0.0,362.1267749784856,3.4863497896512734,432.6639335120459,0.0,0.0,0.0,0.0
45,73073,22.95420879537283,0.0,0.0,0.0,0.0,1281.581672730102,130.7736400745002,0.0,39.4259750237853,0.0,0.0,523.0945602980008,3.0708738538879348,591.8119279857176,0.0,0.0,0.0,0.0
0,74074,0.0,0.772069781348688,128.49960941714048,0.0,707.9147204020496,0.0,24.05946924340929,117.11982310689612,44.0026021330534,0.0,120.01988189803043,5.233296624934245,0.0,33.23855520969353,0.0,0.0,0.0,0.0
1,74074,0.0,0.0,130.22473940047206,0.0,723.7974646716575,0.0,23.145376039172397,115.5649975546712,39.781585847554574,0.0,127.72121355584544,7.247046783033797,0.0,39.06629188726933,0.0,0.0,0.0,0.0
2,74074,0.0069787055871744,0.0,115.4596327995964,0.0,706.4624472950609,0.0,26.055937766018864,118.90624481963724,40.46329616320104,0.0,143.1366304979936,11.700046490182148,2.433601183069703,38.82364559818042,0.0,0.0,0.0,0.0
3,74074,0.0141366948606273,0.0,95.09445252158471,0.0,706.3373271084773,0.0,18.718695449078034,113.27335240887204,47.62384183464906,0.0,164.3275044438689,12.789560235570107,4.948104726689981,44.84476912431899,0.0,0.0,0.0,0.0
4,74074,0.0213703439243982,0.0,96.82622105156794,0.0,720.076058985823,0.0,19.945992841435217,88.40201140717294,41.71101796265455,0.0,171.51093659607278,34.33332621825559,7.439038591865297,62.92064280674234,0.0,0.0,0.0,0.0
5,74074,0.0282183038801411,0.0,67.72646028480747,0.0,701.2531711149755,0.0,20.747712225225637,104.58484903926984,43.921190090491216,0.0,179.68610682612038,43.756829784259025,9.420094954298124,76.83673421590163,0.0,0.0,0.0,0.0
6,74074,0.0353073266901978,0.0,57.355614629637,0.0,744.2230877755549,0.0,14.576952952700726,115.38945841777505,39.835205952345795,0.0,173.12261101899145,48.2385038438833,12.133178722929662,70.9225257453513,0.0,0.0,-3.6694451125640633e-13,0.0
7,74074,0.0358173176425444,0.0,94.25614490762368,0.0,729.1485027060477,0.0,23.806425630519687,140.3196180688485,42.46653844560075,0.0,96.54190100062016,80.40070311661009,12.466211079812494,80.74121798126845,0.0,0.0,0.0,0.0
8,74074,0.0365953914115449,0.0,90.22965639987676,0.0,838.5510058012544,0.0,16.67945868083054,75.53428547046013,47.81110344274572,0.0,90.32615905553064,78.35069875328202,12.762261489151252,79.90391044030895,0.0,0.0,0.0,0.0
9,74074,0.037318371417001,0.0,53.21715019508158,0.0,799.1355716563739,0.0,21.954148170717943,89.37661773851754,46.19312703811001,0.0,135.17299255280193,89.37884111374721,12.996117469029416,102.0129290108252,0.0,0.0,0.0,0.0
10,74074,0.0379820042312335,0.0,53.870212578492115,0.0,808.9422858299239,0.0,22.229977424711016,90.4734165484411,46.7599930489751,0.0,136.83178856810275,90.47566720815934,13.158545661524323,103.2647962437432,0.0,0.0,0.0,0.0
11,74074,0.1719412367106426,0.0,52.104288257077,0.0,782.4242754343508,0.0,19.40450593223883,73.94335336932376,39.42597502378527,0.0,132.34629330440643,107.15143533989618,12.956873810861016,149.2134991126144,0.0,0.0,0.0,0.0
12,74074,0.3217762210907956,12.655310376822804,50.39000623818495,0.0,756.6817519033904,0.0,24.925713994285747,71.61824319126451,39.42597502378527,0.0,127.99197087782686,124.08266463755348,12.760882144743295,153.08536381338112,0.0,0.0,0.0,0.0
13,74074,0.5086502673600285,0.0,48.68215271858525,0.0,731.0357619605319,0.0,30.50785224463308,69.25844083350859,39.42597502378526,0.0,123.65397701231802,141.22151687388083,12.474470667929369,182.55524400767897,0.0,0.0,0.0,0.0
14,74074,0.764245667463493,0.0,47.30460816613389,0.0,710.3498580861248,0.0,36.41008049840007,67.24658168957043,39.42597502378526,0.0,120.15497680567276,159.69415207015751,12.188352026686673,201.13284344360895,0.0,0.0,0.0,0.0
15,74074,1.0520167835421383,0.0,45.92183718807983,0.0,689.5854715685017,0.0,42.48461346965416,65.19858160309742,39.425975023785256,0.0,116.64270133745336,199.65007187969275,11.91063454639556,199.4326467347345,0.0,0.0,0.0,0.0
16,74074,1.3736128985895704,0.0,44.49652638038974,0.0,668.1822855106977,0.0,48.71209912372524,63.074559519620685,39.42597502378526,0.0,113.02237355802396,240.63238607746752,11.635266298516036,197.67770379688923,0.0,0.0,0.0,0.0
17,74074,1.7312091239739251,0.0,43.04145158297311,0.0,646.3321483693109,0.0,55.11369584649414,60.90095384202332,39.42597502378526,0.0,109.32644444430858,240.63238607746752,11.366585023681496,238.03223857603135,0.0,0.0,0.0,0.0
18,74074,2.126462125857981,0.0,41.54826009328196,0.0,623.9096317495266,0.0,61.69059147437886,58.672851707038696,39.425975023785256,0.0,105.53369790722354,240.63238607746752,11.10424598644847,279.49150577201976,0.0,0.0,0.0,0.0
19,74074,2.5608677220046263,0.0,40.01179606159174,0.0,600.837312811116,0.0,68.44475859444192,56.388194298940874,39.42597502378527,0.0,101.6310379498231,260.1061514351646,10.847881293548747,302.5742606417788,0.0,0.0,0.0,0.0
20,74074,3.0358119223424147,0.0,38.43161644855364,0.0,577.1085386517348,0.0,75.38463771610617,54.050293889408835,39.42597502378526,0.0,97.61733924024747,281.85881285523305,10.597097037517614,324.5236461318832,0.0,0.0,0.0,0.0
21,74074,3.551401704541911,0.0,36.80034887154066,0.0,552.6126018550054,0.0,82.50482756641229,51.6516367198886,39.42597502378526,0.0,93.47387572837418,304.1684253287318,10.348534767010657,347.0032543768246,0.0,0.0,0.0,0.0
22,74074,4.109714899856158,0.0,35.12289246472591,0.0,527.4230702909412,0.0,89.82478889299344,49.20134449678553,39.425975023785256,0.0,89.21309134674496,327.1036350808867,10.105087469942392,370.08115365117976,0.0,0.0,0.0,0.0
23,74074,4.639916960718267,0.0,33.398669322030855,0.0,501.5312658303539,0.0,97.35687204632106,46.69766334919952,39.42597502378526,0.0,84.83351819837996,350.7049848787522,9.86465647360366,393.7954820521353,0.0,0.0,0.0,0.0
24,74074,5.201730698827647,0.0,31.621541504948357,0.0,474.8450180924599,0.0,105.09801332590044,44.135174583454955,39.42597502378526,0.0,80.31956575441629,374.9572689416377,9.627778082838612,418.1227706846994,0.0,0.0,0.0,0.0
25,74074,5.795371388968587,0.0687178891807719,29.785349564830057,0.0,447.2718336893444,0.0,113.03882569078692,41.50574775693652,39.42597502378526,0.0,75.65558884965398,399.82426356435946,9.392556667004014,442.9511763293061,0.0,0.0,0.0,0.0
26,74074,6.417479500681084,0.0687178891807719,27.871611470010585,0.0,418.5341771106297,0.0,121.10748837031072,38.78361164060877,39.42597502378526,0.0,70.79464262666453,425.05229760612286,9.151662032831776,468.1457669758212,0.0,0.0,0.0,0.0
27,74074,7.069295707620922,0.0572982985491135,25.88294334497586,0.0,388.67133340124775,0.0,129.2925981171378,35.97209630288057,39.425975023785256,0.0,65.74337211199202,450.6056443394529,8.906275786011454,493.6125690486271,0.0,0.0,0.0,0.0
28,74074,7.749987913828273,0.0572982985491135,23.818548339812843,0.0,357.67133666094895,0.0,137.56141525757917,33.06916127289166,39.42597502378527,0.0,60.49975328542936,476.37491968019344,8.654596574941554,519.2156255782636,0.0,0.0,0.0,0.0
29,74074,8.459324301792877,0.0572982985491135,21.6856615737011,0.0,325.64283308894557,0.0,145.91970142736952,30.08329031596377,39.42597502378528,0.0,55.08216354425158,502.3851887675836,8.396523320996865,544.9969542489573,0.0,0.0,0.0,0.0
30,74074,9.197106896284266,0.0,19.484628944305587,0.0,292.59101685905506,0.0,154.33168186066615,27.01379468733795,39.42597502378528,0.0,49.4914814778291,528.5179244060992,8.131920263677687,570.891961909609,0.0,0.0,0.0,0.0
31,74074,9.959594276097503,0.0,17.21790335824614,0.0,258.55272205440076,0.0,162.76161130156174,23.86222100820536,39.42597502378527,0.0,43.73393753493721,554.6564244277185,7.858555886987154,596.6684712194314,0.0,0.0,0.0,0.0
32,74074,10.748716328006484,0.0,14.891200127740309,0.0,223.61377268621652,0.0,171.19200779415587,20.634641282935196,39.42597502378527,0.0,37.8240487622984,580.7473145206126,7.577490333410939,622.3331727959794,0.0,0.0,0.0,0.0
33,74074,11.564651350660643,0.0,12.511223932914737,0.0,187.87484961332575,0.0,179.6184365941031,17.338204774194235,39.42597502378527,0.0,31.77884522772928,606.7813620942597,7.289028971333575,647.8816186291399,0.0,0.0,0.0,0.0
34,74074,12.407955756638804,0.0,10.084317193780846,0.0,151.43119381392685,0.0,188.04408509552871,13.97942680972905,39.42597502378527,0.0,25.61443684861226,632.7743513298016,6.993537030675601,673.3349480500614,0.0,0.0,0.0,0.0
35,74074,13.279055129116044,0.0,7.615432367028023,0.0,114.35717387583551,0.0,196.46425947666532,10.562781107517786,39.42597502378527,0.0,19.34340299811441,658.7147530002834,6.690851617039286,698.6856498335904,0.0,0.0,0.0,0.0
36,74074,14.149643502300146,0.0,5.114936788657695,0.0,76.80847094604408,0.0,205.1098070610288,7.096057027787497,39.42597502378528,0.0,12.992076988466392,685.3777262386815,6.3782478229030986,724.7811652471687,0.0,0.0,0.0,0.0
37,74074,15.043534818357823,0.0,2.5734570823545013,0.0,38.64432967758915,0.0,213.61271910373287,3.5717455718594313,39.42597502378527,0.0,6.536650191768641,711.533403126261,6.056626558603613,750.3109153653163,0.0,0.0,0.0,0.0
38,74074,15.959241164109788,0.0,0.0,0.0,0.0,0.0,221.95743595334153,0.0,39.42597502378527,0.0,0.0,737.1374913188602,5.724480443017719,775.256214021323,0.0,0.0,0.0,0.0
39,74074,16.89662184351711,0.0,0.0,0.0,0.0,0.0,229.96483619814452,0.0,39.42597502378527,0.0,0.0,761.6036509905521,5.381470859994247,748.7774987776562,0.0,0.0,0.0,0.0
40,74074,17.85399032902071,0.0,0.0,0.0,0.0,0.0,237.65414729763768,0.0,39.42597502378528,0.0,0.0,785.0060931419118,5.026477095894014,721.0104776871971,0.0,0.0,0.0,0.0
41,74074,18.83122192144505,0.0,0.0,0.0,0.0,0.0,244.99323956968664,0.0,39.42597502378528,0.0,0.0,807.2479056471501,4.65941238243452,692.0870444007377,0.0,0.0,0.0,0.0
42,74074,19.82925049720332,0.0,0.0,0.0,0.0,0.0,251.9710509691523,0.0,39.42597502378527,0.0,0.0,828.3013846966919,4.2805143201536975,662.1925490891091,0.0,0.0,0.0,0.0
43,74074,20.84818973881561,0.0,0.0,0.0,0.0,0.0,258.5568738579114,0.0,39.42597502378527,0.0,0.0,848.0737361209428,3.889500466768567,631.4496502919478,0.0,0.0,0.0,0.0
44,74074,21.889314156616756,0.0,0.0,0.0,0.0,0.0,264.9391822730605,0.0,39.42597502378527,0.0,0.0,867.1895596601456,3.486349789651273,600.5272431954143,0.0,0.0,0.0,0.0
45,74074,22.95420879537282,0.0,0.0,0.0,0.0,0.0,392.32092022349985,0.0,39.42597502378526,0.0,0.0,1281.5816727300996,3.0708738538879348,853.3592081347148,0.0,15.169800576907706,0.0,6.863876772255098
0,75075,0.0,0.772069781348688,128.49960941714045,0.0,707.9147204020494,0.0,24.05946924340929,117.1198231068961,44.00260213305339,0.0,120.01988189803042,5.233296624934555,0.0,33.23855520969352,0.0,0.0,0.0,0.0
1,75075,0.0,0.0,130.2247394004721,0.0,723.7974646716577,0.0,23.145376039172408,115.56499755467124,39.78158584755459,0.0,127.72121355584552,7.247046783034258,0.0,39.066291887269344,0.0,0.0,0.0,0.0
2,75075,0.0069787055871744,0.0,115.45963279959626,0.0,706.4624472950601,0.0,26.055937766018836,118.90624481963712,40.463296163200994,0.0,143.13663049799345,11.700046490182542,2.433601183069703,38.82364559818037,0.0,0.0,0.0,0.0
3,75075,0.0141366948606273,0.0,95.09445252158478,0.0,706.3373271084778,0.0,18.71869544907804,113.27335240887209,47.623841834649085,0.0,164.32750444386895,12.789560235569022,4.948104726689981,44.844769124319015,0.0,0.0,0.0,0.0
4,75075,0.0213703439243982,0.0,96.82622105156808,0.0,720.0760589858239,0.0,19.94599284143524,88.40201140717305,41.7110179626546,0.0,171.510936596073,34.333326218247095,7.439038591865297,62.92064280674242,0.0,0.0,0.0,0.0
5,75075,0.0282183038801411,0.0,67.72646028480737,0.0,701.2531711149745,0.0,20.74771222522561,104.58484903926968,43.92119009049115,0.0,179.68610682612012,43.75682978425974,9.420094954298124,76.83673421590152,0.0,0.0,0.0,0.0
6,75075,0.0353073266901978,0.0,57.3556146296369,0.0,744.2230877755536,0.0,14.5769529527007,115.38945841777485,39.83520595234573,0.0,173.12261101899117,48.28624065419785,12.133178722929662,70.87478893503855,0.0,0.0,0.0,0.0
7,75075,0.0358173176425444,0.0,94.2561449076236,0.0,729.1485027060469,0.0,23.80642563052081,140.31961806884834,42.466538445600705,0.0,96.54190100062006,80.40070311661,12.466211079812494,80.74121798126836,0.0,0.0,0.0,0.0
8,75075,0.036290670848171,0.0,89.7911643561387,0.0,834.475871760149,0.0,16.598400964141597,75.16720900658167,47.57875424295414,0.0,89.88719803464703,77.96859820984008,12.75922544196283,79.51559876552703,0.0,0.0,0.0,0.0
9,75075,0.0367024396645746,0.0,52.70267376571716,0.0,791.409934075693,0.0,21.737839547972072,88.5125699081805,45.74655530376072,0.0,133.86620858747986,88.51477178894558,12.98997754388577,101.02671972915368,0.0,0.0,0.0,0.0
10,75075,0.0370507915453896,0.0,53.1005974251632,0.0,797.385356470566,0.0,21.906530278399288,89.18087083502546,46.09195783066942,0.0,134.87694538299985,89.1830893407621,13.149256323809349,101.7895068734106,0.0,0.0,0.0,0.0
11,75075,0.2084367911687362,6.214029186866776,53.278446325159905,0.0,800.0560252652368,0.0,16.803188461065695,75.25750466778499,38.89584951469894,0.0,135.32868637150924,89.88595711470143,12.86042966023734,121.35106784255316,0.0,0.0,0.0,0.0
12,75075,0.3970961471115334,12.609883693928724,53.51909266885749,0.0,803.6696921514348,0.0,13.856565486144518,75.257504667785,38.89584951469894,0.0,135.93993455569893,89.88595711470141,12.581817914172566,118.51073921597504,0.0,0.0,0.0,0.0
13,75075,0.6060444466494938,0.0,53.78079448251584,0.0,807.599538595574,0.0,13.92432239565038,75.2575046677851,38.89584951469891,0.0,136.60466419978954,90.32548844504142,12.303845759355,131.38038074137447,0.0,0.0,0.0,0.0
14,75075,0.8378921324741518,0.0,54.49421935794652,0.0,818.3126863979505,0.0,14.109034393049436,75.25750466778501,38.89584951469893,0.0,138.41678256802354,91.52369406773948,12.02602562514056,132.81983158256585,0.0,0.0,0.0,0.0
15,75075,1.0951327458272369,0.0,55.2579307285427,0.0,829.7809615777489,0.0,14.306766007908015,75.257504667785,38.89584951469892,0.0,140.3566299862273,94.60173235175132,11.756444985451957,132.6450067434712,0.0,0.0,0.0,0.0
16,75075,1.3791743801205327,0.0,56.03017495580654,0.0,841.3773704374975,0.0,14.506706854674372,75.25750466778514,38.89584951469893,0.0,142.318151089823,97.8573337231417,11.48920142645477,132.38235104803093,0.0,0.0,0.0,0.0
17,75075,1.6918691273537805,0.0,56.831408806618846,0.0,853.4091021076858,0.0,14.71415337085862,75.25750466778499,38.89584951469892,0.0,144.35330661678913,101.43998062488112,11.228462160987958,131.94230013775206,0.0,0.0,0.0,0.0
18,75075,2.034557737481723,0.0,57.65475334101856,0.0,865.7728589559149,0.0,14.927324538186866,75.257504667785,38.89584951469892,0.0,146.44462387464353,104.50927211955002,10.97388026548542,132.12701421057528,0.0,0.0,0.0,0.0
19,75075,2.4084034772783487,0.0,58.496029908368584,0.0,878.405892256381,0.0,15.14513846712568,75.25750466778523,38.89584951469893,0.0,148.58148897840024,107.77650867205207,10.725085641773918,132.19947705133782,0.0,0.0,0.0,0.0
20,75075,2.814439421658023,0.0,59.35854434728471,0.0,891.3578441493032,0.0,15.368451068472172,75.25750466778466,38.89584951469892,0.0,150.77229884704045,108.4629238763286,10.481682148577882,134.9424418218432,0.0,0.0,0.0,0.0
21,75075,3.2526622420831823,0.0,60.233804062565,0.0,904.5011855412096,0.0,15.595063534367412,75.25750466778477,38.89584951469893,0.0,152.9954820603777,107.35466396476316,10.24041492983958,139.53212438843914,0.0,0.0,0.0,0.0
22,75075,3.724575731537166,0.0,61.13382295600527,0.0,918.016323241638,0.0,15.828086370028812,75.25750466778503,38.89584951469892,0.0,155.28155425203792,107.45504783418036,10.004053796674528,143.0034943544451,0.0,0.0,0.0,0.0
23,75075,4.231009855649668,0.0,62.05931546259635,0.0,931.9139855667944,0.0,16.067704548981567,75.25750466778501,38.89584951469893,0.0,157.63233010610972,107.65649122134434,9.77207948341212,146.46208000898233,0.0,0.0,0.0,0.0
24,75075,4.772617114522385,0.0,63.00631485512787,0.0,946.1346061399504,0.0,16.312891050538003,75.25750466778507,38.89584951469893,0.0,160.03773402880984,107.70399557841417,9.54324753254508,150.14425917177033,0.0,0.0,0.0,0.0
25,75075,5.349791307616332,0.0687178891807719,63.965840832158285,0.0,960.5433322247268,0.0,16.56132079538896,75.25750466778499,38.89584951469892,0.0,162.47495581298838,107.43139577160431,9.315668957161678,154.1109656094349,0.0,0.0,0.0,0.0
26,75075,5.959831073576406,0.0687178891807719,64.8951841648498,0.0,974.498820497079,0.0,16.801935987209003,75.25750466778499,38.89584951469892,0.0,164.83551286890747,108.99223902924332,9.082091537988468,156.1860051933021,0.0,0.0,0.0,0.0
27,75075,6.603747780599691,0.0572982985491135,65.7932268064679,0.0,987.9842818032654,0.0,17.03444715382996,75.25750466778497,38.89584951469891,0.0,167.11656532779622,110.50051240134832,8.843619027535507,158.19129150892425,0.0,0.0,0.0,0.0
28,75075,7.280891435840661,0.0572982985491135,66.64801621502961,0.0,1000.8202307436492,0.0,17.255759676631573,75.25750466778497,38.89584951469892,0.0,169.2877534116032,111.93614145050798,8.59845589134257,160.07847512737678,0.0,0.0,0.0,0.0
29,75075,7.99117762423353,0.0572982985491135,67.4686461344761,0.0,1013.1432235644072,0.0,17.46822800618748,75.25750466778496,38.89584951469892,0.0,171.37217547447793,113.31439922858372,8.346505317073227,161.87746590236435,0.0,0.0,0.0,0.0
30,75075,8.734558593727929,0.0,68.24329703388358,0.0,1024.775772227062,0.0,17.668791961614666,75.257504667785,38.89584951469893,0.0,173.33980959003608,114.61543469183104,8.087636416739105,163.61917481475254,0.0,0.0,0.0,0.0
31,75075,9.507891070503064,0.0,68.96201134531366,0.0,1035.568348868556,0.0,17.854873440681956,75.25750466778499,38.89584951469893,0.0,175.1653632679463,115.82252398563962,7.819660517324857,165.16832262997983,0.0,0.0,0.0,0.0
32,75075,10.31279896003283,0.0,69.62438846522181,0.0,1045.5149378239869,0.0,18.026368723595674,75.257504667785,38.89584951469893,0.0,176.8478189644328,116.93499429155848,7.543597316508599,166.58025415238146,0.0,0.0,0.0,0.0
33,75075,11.149601888598983,0.0,70.23542943844373,0.0,1054.6906373052846,0.0,18.18457262500624,75.25750466778499,38.89584951469893,0.0,178.3998794678608,117.96124492428476,7.259759300225031,167.8642460313944,0.0,0.0,0.0,0.0
34,75075,12.019003763102749,0.0,70.80238836831626,0.0,1063.2043785873432,0.0,18.331363296296985,75.257504667785,38.89584951469893,0.0,179.83997039577537,118.91345923725224,6.968519421591677,169.034076895143,0.0,0.0,0.0,0.0
35,75075,12.921596769861884,0.0,71.32840405901491,0.0,1071.1032955369683,0.0,18.467553401574065,75.25750466778499,38.89584951469893,0.0,181.1760643951876,119.79690888966594,6.669723331830995,170.0952527907969,0.0,0.0,0.0,0.0
36,75075,13.832316013209152,0.0,71.90084615297224,0.0,1079.6993747767967,0.0,18.61576371244432,75.25750466778499,38.89584951469893,0.0,182.63008270732476,120.75833224238356,6.360687335748055,171.3113320218511,0.0,0.0,0.0,0.0
37,75075,14.771600282250285,0.0,72.38565225478763,0.0,1086.979467752398,0.0,18.741284291417,75.25750466778499,38.89584951469893,0.0,183.86150324281036,121.5725698967166,6.042278688022603,172.3280469996822,0.0,0.0,0.0,0.0
38,75075,15.738078954527582,0.0,72.7854738025365,0.0,1092.9833897953783,0.0,18.844801619213136,75.25750466778497,38.89584951469893,0.0,184.8770607256555,122.244074974668,5.713001615446984,173.19047011280182,0.0,0.0,0.0,0.0
39,75075,16.73170182724507,0.0,73.06190491676446,0.0,1097.134418846772,0.0,18.916372074646812,75.25750466778499,38.89584951469893,0.0,185.5792031892771,122.70834434172176,5.372529031620587,173.73773655218437,0.0,0.0,0.0,0.0
40,75075,17.750882033473374,0.0,73.21967194821997,0.0,1099.503528173531,0.0,18.95721935164465,75.25750466778533,38.89584951469893,0.0,185.97993569167227,122.97331596056564,5.01975225555947,174.0187803134147,0.0,0.0,0.0,0.0
41,75075,18.795570321979305,0.0,73.25916182032103,0.0,1100.096528012877,0.0,18.96744362809481,75.25750466778534,38.89584951469893,0.0,186.08024102872733,123.03963967371422,4.6545966868760615,174.03250505104552,0.0,0.0,0.0,0.0
42,75075,19.866805457857023,0.0,73.18734090432746,0.0,1099.018028909693,0.0,18.9674436280948,75.2575046677844,38.89584951469893,0.0,185.89781397077428,123.03963967371423,4.277312483249535,173.65149051535033,0.0,0.0,0.0,0.0
43,75075,20.96477956529928,0.0,73.00467820255432,0.0,1096.275073639321,0.0,18.901555573217763,75.25750466778513,38.89584951469893,0.0,185.4338457963053,122.6122313898237,3.8876302241716383,173.2919673640531,0.0,0.0,0.0,0.0
44,75075,22.09083060568908,0.0,72.75665343633915,0.0,1092.5506086387013,0.0,18.83733977201742,75.25750466778534,38.89584951469893,0.0,184.8038562205085,122.1956708244692,3.485542246176708,172.718682116186,0.0,0.0,0.0,0.0
45,75075,23.246609285332507,0.0,72.3706994289019,0.0,1086.754928576244,0.0,18.737412872811852,75.25750466778499,38.89584951469893,0.0,183.8235226629656,121.54745644655732,3.070873853887934,171.745338178622,0.0,0.0,0.0,0.0
